schemaVersion,recordType,source.name,source.url,content.title,content.authors,content.paper_url,content.github_url,content.github_stars,content.published_date,collectedAt
1.0,RESEARCH_PAPER,arXiv (deterministic assessment fixture),https://arxiv.org/,Frontier Study 0001: Language Models,"['Researcher 2', 'Researcher 3']",https://arxiv.org/abs/2601.00001,https://github.com/frontieratlas/paper-0001,37,2026-09-06T09:16:03.451621Z,2026-09-07T09:16:03.451645Z
1.0,RESEARCH_PAPER,arXiv (deterministic assessment fixture),https://arxiv.org/,Frontier Study 0002: Multimodal Learning,"['Researcher 3', 'Researcher 4']",https://arxiv.org/abs/2601.00002,https://github.com/frontieratlas/paper-0002,74,2026-09-05T09:16:03.451621Z,2026-09-07T09:16:03.451656Z
1.0,RESEARCH_PAPER,arXiv (deterministic assessment fixture),https://arxiv.org/,Frontier Study 0003: Robotics,"['Researcher 4', 'Researcher 5']",https://arxiv.org/abs/2601.00003,https://github.com/frontieratlas/paper-0003,111,2026-09-04T09:16:03.451621Z,2026-09-07T09:16:03.451663Z
1.0,RESEARCH_PAPER,arXiv (deterministic assessment fixture),https://arxiv.org/,Frontier Study 0004: Alignment,"['Researcher 5', 'Researcher 6']",https://arxiv.org/abs/2601.00004,https://github.com/frontieratlas/paper-0004,148,2026-09-03T09:16:03.451621Z,2026-09-07T09:16:03.451670Z
1.0,RESEARCH_PAPER,arXiv (deterministic assessment fixture),https://arxiv.org/,Frontier Study 0005: Computer Vision,"['Researcher 6', 'Researcher 7']",https://arxiv.org/abs/2601.00005,https://github.com/frontieratlas/paper-0005,185,2026-09-02T09:16:03.451621Z,2026-09-07T09:16:03.451677Z
1.0,RESEARCH_PAPER,arXiv (deterministic assessment fixture),https://arxiv.org/,Frontier Study 0006: Generative Modeling,"['Researcher 7', 'Researcher 8']",https://arxiv.org/abs/2601.00006,https://github.com/frontieratlas/paper-0006,222,2026-09-01T09:16:03.451621Z,2026-09-07T09:16:03.451707Z
1.0,RESEARCH_PAPER,arXiv (deterministic assessment fixture),https://arxiv.org/,Frontier Study 0007: Retrieval,"['Researcher 8', 'Researcher 9']",https://arxiv.org/abs/2601.00007,https://github.com/frontieratlas/paper-0007,259,2026-08-31T09:16:03.451621Z,2026-09-07T09:16:03.451716Z
1.0,RESEARCH_PAPER,arXiv (deterministic assessment fixture),https://arxiv.org/,Frontier Study 0008: Agents,"['Researcher 9', 'Researcher 10']",https://arxiv.org/abs/2601.00008,https://github.com/frontieratlas/paper-0008,296,2026-08-30T09:16:03.451621Z,2026-09-07T09:16:03.451727Z
1.0,RESEARCH_PAPER,arXiv (deterministic assessment fixture),https://arxiv.org/,Frontier Study 0009: Language Models,"['Researcher 10', 'Researcher 11']",https://arxiv.org/abs/2601.00009,https://github.com/frontieratlas/paper-0009,333,2026-08-29T09:16:03.451621Z,2026-09-07T09:16:03.451734Z
1.0,RESEARCH_PAPER,arXiv (deterministic assessment fixture),https://arxiv.org/,Frontier Study 0010: Multimodal Learning,"['Researcher 11', 'Researcher 12']",https://arxiv.org/abs/2601.00010,https://github.com/frontieratlas/paper-0010,370,2026-08-28T09:16:03.451621Z,2026-09-07T09:16:03.451741Z
1.0,RESEARCH_PAPER,arXiv (deterministic assessment fixture),https://arxiv.org/,Frontier Study 0011: Robotics,"['Researcher 12', 'Researcher 13']",https://arxiv.org/abs/2601.00011,https://github.com/frontieratlas/paper-0011,407,2026-08-27T09:16:03.451621Z,2026-09-07T09:16:03.451747Z
1.0,RESEARCH_PAPER,arXiv (deterministic assessment fixture),https://arxiv.org/,Frontier Study 0012: Alignment,"['Researcher 13', 'Researcher 14']",https://arxiv.org/abs/2601.00012,https://github.com/frontieratlas/paper-0012,444,2026-08-26T09:16:03.451621Z,2026-09-07T09:16:03.451753Z
1.0,RESEARCH_PAPER,arXiv (deterministic assessment fixture),https://arxiv.org/,Frontier Study 0013: Computer Vision,"['Researcher 14', 'Researcher 15']",https://arxiv.org/abs/2601.00013,https://github.com/frontieratlas/paper-0013,481,2026-08-25T09:16:03.451621Z,2026-09-07T09:16:03.451759Z
1.0,RESEARCH_PAPER,arXiv (deterministic assessment fixture),https://arxiv.org/,Frontier Study 0014: Generative Modeling,"['Researcher 15', 'Researcher 16']",https://arxiv.org/abs/2601.00014,https://github.com/frontieratlas/paper-0014,518,2026-08-24T09:16:03.451621Z,2026-09-07T09:16:03.451765Z
1.0,RESEARCH_PAPER,arXiv (deterministic assessment fixture),https://arxiv.org/,Frontier Study 0015: Retrieval,"['Researcher 16', 'Researcher 17']",https://arxiv.org/abs/2601.00015,https://github.com/frontieratlas/paper-0015,555,2026-08-23T09:16:03.451621Z,2026-09-07T09:16:03.451771Z
1.0,RESEARCH_PAPER,arXiv (deterministic assessment fixture),https://arxiv.org/,Frontier Study 0016: Agents,"['Researcher 17', 'Researcher 18']",https://arxiv.org/abs/2601.00016,https://github.com/frontieratlas/paper-0016,592,2026-08-22T09:16:03.451621Z,2026-09-07T09:16:03.451778Z
1.0,RESEARCH_PAPER,arXiv (deterministic assessment fixture),https://arxiv.org/,Frontier Study 0017: Language Models,"['Researcher 18', 'Researcher 19']",https://arxiv.org/abs/2601.00017,https://github.com/frontieratlas/paper-0017,629,2026-08-21T09:16:03.451621Z,2026-09-07T09:16:03.451784Z
1.0,RESEARCH_PAPER,arXiv (deterministic assessment fixture),https://arxiv.org/,Frontier Study 0018: Multimodal Learning,"['Researcher 19', 'Researcher 20']",https://arxiv.org/abs/2601.00018,https://github.com/frontieratlas/paper-0018,666,2026-08-20T09:16:03.451621Z,2026-09-07T09:16:03.451790Z
1.0,RESEARCH_PAPER,arXiv (deterministic assessment fixture),https://arxiv.org/,Frontier Study 0019: Robotics,"['Researcher 20', 'Researcher 21']",https://arxiv.org/abs/2601.00019,https://github.com/frontieratlas/paper-0019,703,2026-08-19T09:16:03.451621Z,2026-09-07T09:16:03.451798Z
1.0,RESEARCH_PAPER,arXiv (deterministic assessment fixture),https://arxiv.org/,Frontier Study 0020: Alignment,"['Researcher 21', 'Researcher 22']",https://arxiv.org/abs/2601.00020,https://github.com/frontieratlas/paper-0020,740,2026-08-18T09:16:03.451621Z,2026-09-07T09:16:03.451803Z
1.0,RESEARCH_PAPER,arXiv (deterministic assessment fixture),https://arxiv.org/,Frontier Study 0021: Computer Vision,"['Researcher 22', 'Researcher 23']",https://arxiv.org/abs/2601.00021,https://github.com/frontieratlas/paper-0021,777,2026-08-17T09:16:03.451621Z,2026-09-07T09:16:03.451809Z
1.0,RESEARCH_PAPER,arXiv (deterministic assessment fixture),https://arxiv.org/,Frontier Study 0022: Generative Modeling,"['Researcher 23', 'Researcher 24']",https://arxiv.org/abs/2601.00022,https://github.com/frontieratlas/paper-0022,814,2026-08-16T09:16:03.451621Z,2026-09-07T09:16:03.451814Z
1.0,RESEARCH_PAPER,arXiv (deterministic assessment fixture),https://arxiv.org/,Frontier Study 0023: Retrieval,"['Researcher 24', 'Researcher 25']",https://arxiv.org/abs/2601.00023,https://github.com/frontieratlas/paper-0023,851,2026-08-15T09:16:03.451621Z,2026-09-07T09:16:03.451822Z
1.0,RESEARCH_PAPER,arXiv (deterministic assessment fixture),https://arxiv.org/,Frontier Study 0024: Agents,"['Researcher 25', 'Researcher 26']",https://arxiv.org/abs/2601.00024,https://github.com/frontieratlas/paper-0024,888,2026-08-14T09:16:03.451621Z,2026-09-07T09:16:03.451828Z
1.0,RESEARCH_PAPER,arXiv (deterministic assessment fixture),https://arxiv.org/,Frontier Study 0025: Language Models,"['Researcher 26', 'Researcher 27']",https://arxiv.org/abs/2601.00025,https://github.com/frontieratlas/paper-0025,925,2026-08-13T09:16:03.451621Z,2026-09-07T09:16:03.452153Z
1.0,RESEARCH_PAPER,arXiv (deterministic assessment fixture),https://arxiv.org/,Frontier Study 0026: Multimodal Learning,"['Researcher 27', 'Researcher 28']",https://arxiv.org/abs/2601.00026,https://github.com/frontieratlas/paper-0026,962,2026-08-12T09:16:03.451621Z,2026-09-07T09:16:03.452160Z
1.0,RESEARCH_PAPER,arXiv (deterministic assessment fixture),https://arxiv.org/,Frontier Study 0027: Robotics,"['Researcher 28', 'Researcher 29']",https://arxiv.org/abs/2601.00027,https://github.com/frontieratlas/paper-0027,999,2026-08-11T09:16:03.451621Z,2026-09-07T09:16:03.452166Z
1.0,RESEARCH_PAPER,arXiv (deterministic assessment fixture),https://arxiv.org/,Frontier Study 0028: Alignment,"['Researcher 29', 'Researcher 30']",https://arxiv.org/abs/2601.00028,https://github.com/frontieratlas/paper-0028,1036,2026-08-10T09:16:03.451621Z,2026-09-07T09:16:03.452172Z
1.0,RESEARCH_PAPER,arXiv (deterministic assessment fixture),https://arxiv.org/,Frontier Study 0029: Computer Vision,"['Researcher 30', 'Researcher 31']",https://arxiv.org/abs/2601.00029,https://github.com/frontieratlas/paper-0029,1073,2026-08-09T09:16:03.451621Z,2026-09-07T09:16:03.452177Z
1.0,RESEARCH_PAPER,arXiv (deterministic assessment fixture),https://arxiv.org/,Frontier Study 0030: Generative Modeling,"['Researcher 31', 'Researcher 32']",https://arxiv.org/abs/2601.00030,https://github.com/frontieratlas/paper-0030,1110,2026-08-08T09:16:03.451621Z,2026-09-07T09:16:03.452183Z
1.0,RESEARCH_PAPER,arXiv (deterministic assessment fixture),https://arxiv.org/,Frontier Study 0031: Retrieval,"['Researcher 32', 'Researcher 33']",https://arxiv.org/abs/2601.00031,https://github.com/frontieratlas/paper-0031,1147,2026-08-07T09:16:03.451621Z,2026-09-07T09:16:03.452190Z
1.0,RESEARCH_PAPER,arXiv (deterministic assessment fixture),https://arxiv.org/,Frontier Study 0032: Agents,"['Researcher 33', 'Researcher 34']",https://arxiv.org/abs/2601.00032,https://github.com/frontieratlas/paper-0032,1184,2026-08-06T09:16:03.451621Z,2026-09-07T09:16:03.452198Z
1.0,RESEARCH_PAPER,arXiv (deterministic assessment fixture),https://arxiv.org/,Frontier Study 0033: Language Models,"['Researcher 34', 'Researcher 35']",https://arxiv.org/abs/2601.00033,https://github.com/frontieratlas/paper-0033,1221,2026-08-05T09:16:03.451621Z,2026-09-07T09:16:03.452204Z
1.0,RESEARCH_PAPER,arXiv (deterministic assessment fixture),https://arxiv.org/,Frontier Study 0034: Multimodal Learning,"['Researcher 35', 'Researcher 36']",https://arxiv.org/abs/2601.00034,https://github.com/frontieratlas/paper-0034,1258,2026-08-04T09:16:03.451621Z,2026-09-07T09:16:03.452210Z
1.0,RESEARCH_PAPER,arXiv (deterministic assessment fixture),https://arxiv.org/,Frontier Study 0035: Robotics,"['Researcher 36', 'Researcher 37']",https://arxiv.org/abs/2601.00035,https://github.com/frontieratlas/paper-0035,1295,2026-08-03T09:16:03.451621Z,2026-09-07T09:16:03.452216Z
1.0,RESEARCH_PAPER,arXiv (deterministic assessment fixture),https://arxiv.org/,Frontier Study 0036: Alignment,"['Researcher 37', 'Researcher 38']",https://arxiv.org/abs/2601.00036,https://github.com/frontieratlas/paper-0036,1332,2026-08-02T09:16:03.451621Z,2026-09-07T09:16:03.452221Z
1.0,RESEARCH_PAPER,arXiv (deterministic assessment fixture),https://arxiv.org/,Frontier Study 0037: Computer Vision,"['Researcher 38', 'Researcher 39']",https://arxiv.org/abs/2601.00037,https://github.com/frontieratlas/paper-0037,1369,2026-08-01T09:16:03.451621Z,2026-09-07T09:16:03.452228Z
1.0,RESEARCH_PAPER,arXiv (deterministic assessment fixture),https://arxiv.org/,Frontier Study 0038: Generative Modeling,"['Researcher 39', 'Researcher 40']",https://arxiv.org/abs/2601.00038,https://github.com/frontieratlas/paper-0038,1406,2026-07-31T09:16:03.451621Z,2026-09-07T09:16:03.452234Z
1.0,RESEARCH_PAPER,arXiv (deterministic assessment fixture),https://arxiv.org/,Frontier Study 0039: Retrieval,"['Researcher 40', 'Researcher 41']",https://arxiv.org/abs/2601.00039,https://github.com/frontieratlas/paper-0039,1443,2026-07-30T09:16:03.451621Z,2026-09-07T09:16:03.452240Z
1.0,RESEARCH_PAPER,arXiv (deterministic assessment fixture),https://arxiv.org/,Frontier Study 0040: Agents,"['Researcher 41', 'Researcher 42']",https://arxiv.org/abs/2601.00040,https://github.com/frontieratlas/paper-0040,1480,2026-07-29T09:16:03.451621Z,2026-09-07T09:16:03.452246Z
1.0,RESEARCH_PAPER,arXiv (deterministic assessment fixture),https://arxiv.org/,Frontier Study 0041: Language Models,"['Researcher 42', 'Researcher 43']",https://arxiv.org/abs/2601.00041,https://github.com/frontieratlas/paper-0041,1517,2026-07-28T09:16:03.451621Z,2026-09-07T09:16:03.452253Z
1.0,RESEARCH_PAPER,arXiv (deterministic assessment fixture),https://arxiv.org/,Frontier Study 0042: Multimodal Learning,"['Researcher 43', 'Researcher 44']",https://arxiv.org/abs/2601.00042,https://github.com/frontieratlas/paper-0042,1554,2026-07-27T09:16:03.451621Z,2026-09-07T09:16:03.452260Z
1.0,RESEARCH_PAPER,arXiv (deterministic assessment fixture),https://arxiv.org/,Frontier Study 0043: Robotics,"['Researcher 44', 'Researcher 45']",https://arxiv.org/abs/2601.00043,https://github.com/frontieratlas/paper-0043,1591,2026-07-26T09:16:03.451621Z,2026-09-07T09:16:03.452265Z
1.0,RESEARCH_PAPER,arXiv (deterministic assessment fixture),https://arxiv.org/,Frontier Study 0044: Alignment,"['Researcher 45', 'Researcher 46']",https://arxiv.org/abs/2601.00044,https://github.com/frontieratlas/paper-0044,1628,2026-07-25T09:16:03.451621Z,2026-09-07T09:16:03.452271Z
1.0,RESEARCH_PAPER,arXiv (deterministic assessment fixture),https://arxiv.org/,Frontier Study 0045: Computer Vision,"['Researcher 46', 'Researcher 47']",https://arxiv.org/abs/2601.00045,https://github.com/frontieratlas/paper-0045,1665,2026-07-24T09:16:03.451621Z,2026-09-07T09:16:03.452276Z
1.0,RESEARCH_PAPER,arXiv (deterministic assessment fixture),https://arxiv.org/,Frontier Study 0046: Generative Modeling,"['Researcher 47', 'Researcher 48']",https://arxiv.org/abs/2601.00046,https://github.com/frontieratlas/paper-0046,1702,2026-07-23T09:16:03.451621Z,2026-09-07T09:16:03.452282Z
1.0,RESEARCH_PAPER,arXiv (deterministic assessment fixture),https://arxiv.org/,Frontier Study 0047: Retrieval,"['Researcher 48', 'Researcher 49']",https://arxiv.org/abs/2601.00047,https://github.com/frontieratlas/paper-0047,1739,2026-07-22T09:16:03.451621Z,2026-09-07T09:16:03.452289Z
1.0,RESEARCH_PAPER,arXiv (deterministic assessment fixture),https://arxiv.org/,Frontier Study 0048: Agents,"['Researcher 49', 'Researcher 50']",https://arxiv.org/abs/2601.00048,https://github.com/frontieratlas/paper-0048,1776,2026-07-21T09:16:03.451621Z,2026-09-07T09:16:03.452294Z
1.0,RESEARCH_PAPER,arXiv (deterministic assessment fixture),https://arxiv.org/,Frontier Study 0049: Language Models,"['Researcher 50', 'Researcher 51']",https://arxiv.org/abs/2601.00049,https://github.com/frontieratlas/paper-0049,1813,2026-07-20T09:16:03.451621Z,2026-09-07T09:16:03.452300Z
1.0,RESEARCH_PAPER,arXiv (deterministic assessment fixture),https://arxiv.org/,Frontier Study 0050: Multimodal Learning,"['Researcher 51', 'Researcher 52']",https://arxiv.org/abs/2601.00050,https://github.com/frontieratlas/paper-0050,1850,2026-07-19T09:16:03.451621Z,2026-09-07T09:16:03.452306Z
1.0,RESEARCH_PAPER,arXiv (deterministic assessment fixture),https://arxiv.org/,Frontier Study 0051: Robotics,"['Researcher 52', 'Researcher 53']",https://arxiv.org/abs/2601.00051,https://github.com/frontieratlas/paper-0051,1887,2026-07-18T09:16:03.451621Z,2026-09-07T09:16:03.452311Z
1.0,RESEARCH_PAPER,arXiv (deterministic assessment fixture),https://arxiv.org/,Frontier Study 0052: Alignment,"['Researcher 53', 'Researcher 54']",https://arxiv.org/abs/2601.00052,https://github.com/frontieratlas/paper-0052,1924,2026-07-17T09:16:03.451621Z,2026-09-07T09:16:03.452318Z
1.0,RESEARCH_PAPER,arXiv (deterministic assessment fixture),https://arxiv.org/,Frontier Study 0053: Computer Vision,"['Researcher 54', 'Researcher 2']",https://arxiv.org/abs/2601.00053,https://github.com/frontieratlas/paper-0053,1961,2026-07-16T09:16:03.451621Z,2026-09-07T09:16:03.452324Z
1.0,RESEARCH_PAPER,arXiv (deterministic assessment fixture),https://arxiv.org/,Frontier Study 0054: Generative Modeling,"['Researcher 55', 'Researcher 3']",https://arxiv.org/abs/2601.00054,https://github.com/frontieratlas/paper-0054,1998,2026-07-15T09:16:03.451621Z,2026-09-07T09:16:03.452331Z
1.0,RESEARCH_PAPER,arXiv (deterministic assessment fixture),https://arxiv.org/,Frontier Study 0055: Retrieval,"['Researcher 56', 'Researcher 4']",https://arxiv.org/abs/2601.00055,https://github.com/frontieratlas/paper-0055,2035,2026-07-14T09:16:03.451621Z,2026-09-07T09:16:03.452338Z
1.0,RESEARCH_PAPER,arXiv (deterministic assessment fixture),https://arxiv.org/,Frontier Study 0056: Agents,"['Researcher 57', 'Researcher 5']",https://arxiv.org/abs/2601.00056,https://github.com/frontieratlas/paper-0056,2072,2026-07-13T09:16:03.451621Z,2026-09-07T09:16:03.452343Z
1.0,RESEARCH_PAPER,arXiv (deterministic assessment fixture),https://arxiv.org/,Frontier Study 0057: Language Models,"['Researcher 58', 'Researcher 6']",https://arxiv.org/abs/2601.00057,https://github.com/frontieratlas/paper-0057,2109,2026-07-12T09:16:03.451621Z,2026-09-07T09:16:03.452349Z
1.0,RESEARCH_PAPER,arXiv (deterministic assessment fixture),https://arxiv.org/,Frontier Study 0058: Multimodal Learning,"['Researcher 59', 'Researcher 7']",https://arxiv.org/abs/2601.00058,https://github.com/frontieratlas/paper-0058,2146,2026-07-11T09:16:03.451621Z,2026-09-07T09:16:03.452355Z
1.0,RESEARCH_PAPER,arXiv (deterministic assessment fixture),https://arxiv.org/,Frontier Study 0059: Robotics,"['Researcher 60', 'Researcher 8']",https://arxiv.org/abs/2601.00059,https://github.com/frontieratlas/paper-0059,2183,2026-07-10T09:16:03.451621Z,2026-09-07T09:16:03.452362Z
1.0,RESEARCH_PAPER,arXiv (deterministic assessment fixture),https://arxiv.org/,Frontier Study 0060: Alignment,"['Researcher 61', 'Researcher 9']",https://arxiv.org/abs/2601.00060,https://github.com/frontieratlas/paper-0060,2220,2026-07-09T09:16:03.451621Z,2026-09-07T09:16:03.452367Z
1.0,RESEARCH_PAPER,arXiv (deterministic assessment fixture),https://arxiv.org/,Frontier Study 0061: Computer Vision,"['Researcher 62', 'Researcher 10']",https://arxiv.org/abs/2601.00061,https://github.com/frontieratlas/paper-0061,2257,2026-07-08T09:16:03.451621Z,2026-09-07T09:16:03.452374Z
1.0,RESEARCH_PAPER,arXiv (deterministic assessment fixture),https://arxiv.org/,Frontier Study 0062: Generative Modeling,"['Researcher 63', 'Researcher 11']",https://arxiv.org/abs/2601.00062,https://github.com/frontieratlas/paper-0062,2294,2026-07-07T09:16:03.451621Z,2026-09-07T09:16:03.452381Z
1.0,RESEARCH_PAPER,arXiv (deterministic assessment fixture),https://arxiv.org/,Frontier Study 0063: Retrieval,"['Researcher 64', 'Researcher 12']",https://arxiv.org/abs/2601.00063,https://github.com/frontieratlas/paper-0063,2331,2026-07-06T09:16:03.451621Z,2026-09-07T09:16:03.452387Z
1.0,RESEARCH_PAPER,arXiv (deterministic assessment fixture),https://arxiv.org/,Frontier Study 0064: Agents,"['Researcher 65', 'Researcher 13']",https://arxiv.org/abs/2601.00064,https://github.com/frontieratlas/paper-0064,2368,2026-07-05T09:16:03.451621Z,2026-09-07T09:16:03.452392Z
1.0,RESEARCH_PAPER,arXiv (deterministic assessment fixture),https://arxiv.org/,Frontier Study 0065: Language Models,"['Researcher 66', 'Researcher 14']",https://arxiv.org/abs/2601.00065,https://github.com/frontieratlas/paper-0065,2405,2026-07-04T09:16:03.451621Z,2026-09-07T09:16:03.452398Z
1.0,RESEARCH_PAPER,arXiv (deterministic assessment fixture),https://arxiv.org/,Frontier Study 0066: Multimodal Learning,"['Researcher 67', 'Researcher 15']",https://arxiv.org/abs/2601.00066,https://github.com/frontieratlas/paper-0066,2442,2026-07-03T09:16:03.451621Z,2026-09-07T09:16:03.452403Z
1.0,RESEARCH_PAPER,arXiv (deterministic assessment fixture),https://arxiv.org/,Frontier Study 0067: Robotics,"['Researcher 68', 'Researcher 16']",https://arxiv.org/abs/2601.00067,https://github.com/frontieratlas/paper-0067,2479,2026-07-02T09:16:03.451621Z,2026-09-07T09:16:03.452409Z
1.0,RESEARCH_PAPER,arXiv (deterministic assessment fixture),https://arxiv.org/,Frontier Study 0068: Alignment,"['Researcher 69', 'Researcher 17']",https://arxiv.org/abs/2601.00068,https://github.com/frontieratlas/paper-0068,2516,2026-07-01T09:16:03.451621Z,2026-09-07T09:16:03.452414Z
1.0,RESEARCH_PAPER,arXiv (deterministic assessment fixture),https://arxiv.org/,Frontier Study 0069: Computer Vision,"['Researcher 70', 'Researcher 18']",https://arxiv.org/abs/2601.00069,https://github.com/frontieratlas/paper-0069,2553,2026-06-30T09:16:03.451621Z,2026-09-07T09:16:03.452420Z
1.0,RESEARCH_PAPER,arXiv (deterministic assessment fixture),https://arxiv.org/,Frontier Study 0070: Generative Modeling,"['Researcher 71', 'Researcher 19']",https://arxiv.org/abs/2601.00070,https://github.com/frontieratlas/paper-0070,2590,2026-06-29T09:16:03.451621Z,2026-09-07T09:16:03.452426Z
1.0,RESEARCH_PAPER,arXiv (deterministic assessment fixture),https://arxiv.org/,Frontier Study 0071: Retrieval,"['Researcher 72', 'Researcher 20']",https://arxiv.org/abs/2601.00071,https://github.com/frontieratlas/paper-0071,2627,2026-06-28T09:16:03.451621Z,2026-09-07T09:16:03.452432Z
1.0,RESEARCH_PAPER,arXiv (deterministic assessment fixture),https://arxiv.org/,Frontier Study 0072: Agents,"['Researcher 73', 'Researcher 21']",https://arxiv.org/abs/2601.00072,https://github.com/frontieratlas/paper-0072,2664,2026-06-27T09:16:03.451621Z,2026-09-07T09:16:03.452438Z
1.0,RESEARCH_PAPER,arXiv (deterministic assessment fixture),https://arxiv.org/,Frontier Study 0073: Language Models,"['Researcher 74', 'Researcher 22']",https://arxiv.org/abs/2601.00073,https://github.com/frontieratlas/paper-0073,2701,2026-06-26T09:16:03.451621Z,2026-09-07T09:16:03.452444Z
1.0,RESEARCH_PAPER,arXiv (deterministic assessment fixture),https://arxiv.org/,Frontier Study 0074: Multimodal Learning,"['Researcher 75', 'Researcher 23']",https://arxiv.org/abs/2601.00074,https://github.com/frontieratlas/paper-0074,2738,2026-06-25T09:16:03.451621Z,2026-09-07T09:16:03.452451Z
1.0,RESEARCH_PAPER,arXiv (deterministic assessment fixture),https://arxiv.org/,Frontier Study 0075: Robotics,"['Researcher 76', 'Researcher 24']",https://arxiv.org/abs/2601.00075,https://github.com/frontieratlas/paper-0075,2775,2026-06-24T09:16:03.451621Z,2026-09-07T09:16:03.452456Z
1.0,RESEARCH_PAPER,arXiv (deterministic assessment fixture),https://arxiv.org/,Frontier Study 0076: Alignment,"['Researcher 77', 'Researcher 25']",https://arxiv.org/abs/2601.00076,https://github.com/frontieratlas/paper-0076,2812,2026-06-23T09:16:03.451621Z,2026-09-07T09:16:03.452462Z
1.0,RESEARCH_PAPER,arXiv (deterministic assessment fixture),https://arxiv.org/,Frontier Study 0077: Computer Vision,"['Researcher 78', 'Researcher 26']",https://arxiv.org/abs/2601.00077,https://github.com/frontieratlas/paper-0077,2849,2026-06-22T09:16:03.451621Z,2026-09-07T09:16:03.452469Z
1.0,RESEARCH_PAPER,arXiv (deterministic assessment fixture),https://arxiv.org/,Frontier Study 0078: Generative Modeling,"['Researcher 79', 'Researcher 27']",https://arxiv.org/abs/2601.00078,https://github.com/frontieratlas/paper-0078,2886,2026-06-21T09:16:03.451621Z,2026-09-07T09:16:03.452476Z
1.0,RESEARCH_PAPER,arXiv (deterministic assessment fixture),https://arxiv.org/,Frontier Study 0079: Retrieval,"['Researcher 80', 'Researcher 28']",https://arxiv.org/abs/2601.00079,https://github.com/frontieratlas/paper-0079,2923,2026-06-20T09:16:03.451621Z,2026-09-07T09:16:03.452481Z
1.0,RESEARCH_PAPER,arXiv (deterministic assessment fixture),https://arxiv.org/,Frontier Study 0080: Agents,"['Researcher 81', 'Researcher 29']",https://arxiv.org/abs/2601.00080,https://github.com/frontieratlas/paper-0080,2960,2026-06-19T09:16:03.451621Z,2026-09-07T09:16:03.452486Z
1.0,RESEARCH_PAPER,arXiv (deterministic assessment fixture),https://arxiv.org/,Frontier Study 0081: Language Models,"['Researcher 82', 'Researcher 30']",https://arxiv.org/abs/2601.00081,https://github.com/frontieratlas/paper-0081,2997,2026-06-18T09:16:03.451621Z,2026-09-07T09:16:03.452492Z
1.0,RESEARCH_PAPER,arXiv (deterministic assessment fixture),https://arxiv.org/,Frontier Study 0082: Multimodal Learning,"['Researcher 83', 'Researcher 31']",https://arxiv.org/abs/2601.00082,https://github.com/frontieratlas/paper-0082,3034,2026-06-17T09:16:03.451621Z,2026-09-07T09:16:03.452499Z
1.0,RESEARCH_PAPER,arXiv (deterministic assessment fixture),https://arxiv.org/,Frontier Study 0083: Robotics,"['Researcher 84', 'Researcher 32']",https://arxiv.org/abs/2601.00083,https://github.com/frontieratlas/paper-0083,3071,2026-06-16T09:16:03.451621Z,2026-09-07T09:16:03.452504Z
1.0,RESEARCH_PAPER,arXiv (deterministic assessment fixture),https://arxiv.org/,Frontier Study 0084: Alignment,"['Researcher 85', 'Researcher 33']",https://arxiv.org/abs/2601.00084,https://github.com/frontieratlas/paper-0084,3108,2026-06-15T09:16:03.451621Z,2026-09-07T09:16:03.452510Z
1.0,RESEARCH_PAPER,arXiv (deterministic assessment fixture),https://arxiv.org/,Frontier Study 0085: Computer Vision,"['Researcher 86', 'Researcher 34']",https://arxiv.org/abs/2601.00085,https://github.com/frontieratlas/paper-0085,3145,2026-06-14T09:16:03.451621Z,2026-09-07T09:16:03.452516Z
1.0,RESEARCH_PAPER,arXiv (deterministic assessment fixture),https://arxiv.org/,Frontier Study 0086: Generative Modeling,"['Researcher 87', 'Researcher 35']",https://arxiv.org/abs/2601.00086,https://github.com/frontieratlas/paper-0086,3182,2026-06-13T09:16:03.451621Z,2026-09-07T09:16:03.452522Z
1.0,RESEARCH_PAPER,arXiv (deterministic assessment fixture),https://arxiv.org/,Frontier Study 0087: Retrieval,"['Researcher 88', 'Researcher 36']",https://arxiv.org/abs/2601.00087,https://github.com/frontieratlas/paper-0087,3219,2026-06-12T09:16:03.451621Z,2026-09-07T09:16:03.452527Z
1.0,RESEARCH_PAPER,arXiv (deterministic assessment fixture),https://arxiv.org/,Frontier Study 0088: Agents,"['Researcher 89', 'Researcher 37']",https://arxiv.org/abs/2601.00088,https://github.com/frontieratlas/paper-0088,3256,2026-06-11T09:16:03.451621Z,2026-09-07T09:16:03.452533Z
1.0,RESEARCH_PAPER,arXiv (deterministic assessment fixture),https://arxiv.org/,Frontier Study 0089: Language Models,"['Researcher 90', 'Researcher 38']",https://arxiv.org/abs/2601.00089,https://github.com/frontieratlas/paper-0089,3293,2026-06-10T09:16:03.451621Z,2026-09-07T09:16:03.452538Z
1.0,RESEARCH_PAPER,arXiv (deterministic assessment fixture),https://arxiv.org/,Frontier Study 0090: Multimodal Learning,"['Researcher 91', 'Researcher 39']",https://arxiv.org/abs/2601.00090,https://github.com/frontieratlas/paper-0090,3330,2026-06-09T09:16:03.451621Z,2026-09-07T09:16:03.452544Z
1.0,RESEARCH_PAPER,arXiv (deterministic assessment fixture),https://arxiv.org/,Frontier Study 0091: Robotics,"['Researcher 92', 'Researcher 40']",https://arxiv.org/abs/2601.00091,https://github.com/frontieratlas/paper-0091,3367,2026-06-08T09:16:03.451621Z,2026-09-07T09:16:03.452549Z
1.0,RESEARCH_PAPER,arXiv (deterministic assessment fixture),https://arxiv.org/,Frontier Study 0092: Alignment,"['Researcher 93', 'Researcher 41']",https://arxiv.org/abs/2601.00092,https://github.com/frontieratlas/paper-0092,3404,2026-06-07T09:16:03.451621Z,2026-09-07T09:16:03.452556Z
1.0,RESEARCH_PAPER,arXiv (deterministic assessment fixture),https://arxiv.org/,Frontier Study 0093: Computer Vision,"['Researcher 94', 'Researcher 42']",https://arxiv.org/abs/2601.00093,https://github.com/frontieratlas/paper-0093,3441,2026-06-06T09:16:03.451621Z,2026-09-07T09:16:03.452565Z
1.0,RESEARCH_PAPER,arXiv (deterministic assessment fixture),https://arxiv.org/,Frontier Study 0094: Generative Modeling,"['Researcher 95', 'Researcher 43']",https://arxiv.org/abs/2601.00094,https://github.com/frontieratlas/paper-0094,3478,2026-06-05T09:16:03.451621Z,2026-09-07T09:16:03.452572Z
1.0,RESEARCH_PAPER,arXiv (deterministic assessment fixture),https://arxiv.org/,Frontier Study 0095: Retrieval,"['Researcher 96', 'Researcher 44']",https://arxiv.org/abs/2601.00095,https://github.com/frontieratlas/paper-0095,3515,2026-06-04T09:16:03.451621Z,2026-09-07T09:16:03.452579Z
1.0,RESEARCH_PAPER,arXiv (deterministic assessment fixture),https://arxiv.org/,Frontier Study 0096: Agents,"['Researcher 97', 'Researcher 45']",https://arxiv.org/abs/2601.00096,https://github.com/frontieratlas/paper-0096,3552,2026-06-03T09:16:03.451621Z,2026-09-07T09:16:03.452585Z
1.0,RESEARCH_PAPER,arXiv (deterministic assessment fixture),https://arxiv.org/,Frontier Study 0097: Language Models,"['Researcher 1', 'Researcher 46']",https://arxiv.org/abs/2601.00097,https://github.com/frontieratlas/paper-0097,3589,2026-06-02T09:16:03.451621Z,2026-09-07T09:16:03.452591Z
1.0,RESEARCH_PAPER,arXiv (deterministic assessment fixture),https://arxiv.org/,Frontier Study 0098: Multimodal Learning,"['Researcher 2', 'Researcher 47']",https://arxiv.org/abs/2601.00098,https://github.com/frontieratlas/paper-0098,3626,2026-06-01T09:16:03.451621Z,2026-09-07T09:16:03.452596Z
1.0,RESEARCH_PAPER,arXiv (deterministic assessment fixture),https://arxiv.org/,Frontier Study 0099: Robotics,"['Researcher 3', 'Researcher 48']",https://arxiv.org/abs/2601.00099,https://github.com/frontieratlas/paper-0099,3663,2026-05-31T09:16:03.451621Z,2026-09-07T09:16:03.452602Z
1.0,RESEARCH_PAPER,arXiv (deterministic assessment fixture),https://arxiv.org/,Frontier Study 0100: Alignment,"['Researcher 4', 'Researcher 49']",https://arxiv.org/abs/2601.00100,https://github.com/frontieratlas/paper-0100,3700,2026-05-30T09:16:03.451621Z,2026-09-07T09:16:03.452608Z
1.0,RESEARCH_PAPER,arXiv (deterministic assessment fixture),https://arxiv.org/,Frontier Study 0101: Computer Vision,"['Researcher 5', 'Researcher 50']",https://arxiv.org/abs/2601.00101,https://github.com/frontieratlas/paper-0101,3737,2026-05-29T09:16:03.451621Z,2026-09-07T09:16:03.455966Z
1.0,RESEARCH_PAPER,arXiv (deterministic assessment fixture),https://arxiv.org/,Frontier Study 0102: Generative Modeling,"['Researcher 6', 'Researcher 51']",https://arxiv.org/abs/2601.00102,https://github.com/frontieratlas/paper-0102,3774,2026-05-28T09:16:03.451621Z,2026-09-07T09:16:03.455977Z
1.0,RESEARCH_PAPER,arXiv (deterministic assessment fixture),https://arxiv.org/,Frontier Study 0103: Retrieval,"['Researcher 7', 'Researcher 52']",https://arxiv.org/abs/2601.00103,https://github.com/frontieratlas/paper-0103,3811,2026-05-27T09:16:03.451621Z,2026-09-07T09:16:03.455984Z
1.0,RESEARCH_PAPER,arXiv (deterministic assessment fixture),https://arxiv.org/,Frontier Study 0104: Agents,"['Researcher 8', 'Researcher 53']",https://arxiv.org/abs/2601.00104,https://github.com/frontieratlas/paper-0104,3848,2026-05-26T09:16:03.451621Z,2026-09-07T09:16:03.455990Z
1.0,RESEARCH_PAPER,arXiv (deterministic assessment fixture),https://arxiv.org/,Frontier Study 0105: Language Models,"['Researcher 9', 'Researcher 54']",https://arxiv.org/abs/2601.00105,https://github.com/frontieratlas/paper-0105,3885,2026-05-25T09:16:03.451621Z,2026-09-07T09:16:03.455996Z
1.0,RESEARCH_PAPER,arXiv (deterministic assessment fixture),https://arxiv.org/,Frontier Study 0106: Multimodal Learning,"['Researcher 10', 'Researcher 2']",https://arxiv.org/abs/2601.00106,https://github.com/frontieratlas/paper-0106,3922,2026-05-24T09:16:03.451621Z,2026-09-07T09:16:03.456002Z
1.0,RESEARCH_PAPER,arXiv (deterministic assessment fixture),https://arxiv.org/,Frontier Study 0107: Robotics,"['Researcher 11', 'Researcher 3']",https://arxiv.org/abs/2601.00107,https://github.com/frontieratlas/paper-0107,3959,2026-05-23T09:16:03.451621Z,2026-09-07T09:16:03.456008Z
1.0,RESEARCH_PAPER,arXiv (deterministic assessment fixture),https://arxiv.org/,Frontier Study 0108: Alignment,"['Researcher 12', 'Researcher 4']",https://arxiv.org/abs/2601.00108,https://github.com/frontieratlas/paper-0108,3996,2026-05-22T09:16:03.451621Z,2026-09-07T09:16:03.456013Z
1.0,RESEARCH_PAPER,arXiv (deterministic assessment fixture),https://arxiv.org/,Frontier Study 0109: Computer Vision,"['Researcher 13', 'Researcher 5']",https://arxiv.org/abs/2601.00109,https://github.com/frontieratlas/paper-0109,4033,2026-05-21T09:16:03.451621Z,2026-09-07T09:16:03.456020Z
1.0,RESEARCH_PAPER,arXiv (deterministic assessment fixture),https://arxiv.org/,Frontier Study 0110: Generative Modeling,"['Researcher 14', 'Researcher 6']",https://arxiv.org/abs/2601.00110,https://github.com/frontieratlas/paper-0110,4070,2026-05-20T09:16:03.451621Z,2026-09-07T09:16:03.456026Z
1.0,RESEARCH_PAPER,arXiv (deterministic assessment fixture),https://arxiv.org/,Frontier Study 0111: Retrieval,"['Researcher 15', 'Researcher 7']",https://arxiv.org/abs/2601.00111,https://github.com/frontieratlas/paper-0111,4107,2026-05-19T09:16:03.451621Z,2026-09-07T09:16:03.456033Z
1.0,RESEARCH_PAPER,arXiv (deterministic assessment fixture),https://arxiv.org/,Frontier Study 0112: Agents,"['Researcher 16', 'Researcher 8']",https://arxiv.org/abs/2601.00112,https://github.com/frontieratlas/paper-0112,4144,2026-05-18T09:16:03.451621Z,2026-09-07T09:16:03.456040Z
1.0,RESEARCH_PAPER,arXiv (deterministic assessment fixture),https://arxiv.org/,Frontier Study 0113: Language Models,"['Researcher 17', 'Researcher 9']",https://arxiv.org/abs/2601.00113,https://github.com/frontieratlas/paper-0113,4181,2026-05-17T09:16:03.451621Z,2026-09-07T09:16:03.456046Z
1.0,RESEARCH_PAPER,arXiv (deterministic assessment fixture),https://arxiv.org/,Frontier Study 0114: Multimodal Learning,"['Researcher 18', 'Researcher 10']",https://arxiv.org/abs/2601.00114,https://github.com/frontieratlas/paper-0114,4218,2026-05-16T09:16:03.451621Z,2026-09-07T09:16:03.456052Z
1.0,RESEARCH_PAPER,arXiv (deterministic assessment fixture),https://arxiv.org/,Frontier Study 0115: Robotics,"['Researcher 19', 'Researcher 11']",https://arxiv.org/abs/2601.00115,https://github.com/frontieratlas/paper-0115,4255,2026-05-15T09:16:03.451621Z,2026-09-07T09:16:03.456059Z
1.0,RESEARCH_PAPER,arXiv (deterministic assessment fixture),https://arxiv.org/,Frontier Study 0116: Alignment,"['Researcher 20', 'Researcher 12']",https://arxiv.org/abs/2601.00116,https://github.com/frontieratlas/paper-0116,4292,2026-05-14T09:16:03.451621Z,2026-09-07T09:16:03.456064Z
1.0,RESEARCH_PAPER,arXiv (deterministic assessment fixture),https://arxiv.org/,Frontier Study 0117: Computer Vision,"['Researcher 21', 'Researcher 13']",https://arxiv.org/abs/2601.00117,https://github.com/frontieratlas/paper-0117,4329,2026-05-13T09:16:03.451621Z,2026-09-07T09:16:03.456070Z
1.0,RESEARCH_PAPER,arXiv (deterministic assessment fixture),https://arxiv.org/,Frontier Study 0118: Generative Modeling,"['Researcher 22', 'Researcher 14']",https://arxiv.org/abs/2601.00118,https://github.com/frontieratlas/paper-0118,4366,2026-05-12T09:16:03.451621Z,2026-09-07T09:16:03.456075Z
1.0,RESEARCH_PAPER,arXiv (deterministic assessment fixture),https://arxiv.org/,Frontier Study 0119: Retrieval,"['Researcher 23', 'Researcher 15']",https://arxiv.org/abs/2601.00119,https://github.com/frontieratlas/paper-0119,4403,2026-05-11T09:16:03.451621Z,2026-09-07T09:16:03.456082Z
1.0,RESEARCH_PAPER,arXiv (deterministic assessment fixture),https://arxiv.org/,Frontier Study 0120: Agents,"['Researcher 24', 'Researcher 16']",https://arxiv.org/abs/2601.00120,https://github.com/frontieratlas/paper-0120,4440,2026-05-10T09:16:03.451621Z,2026-09-07T09:16:03.456088Z
1.0,RESEARCH_PAPER,arXiv (deterministic assessment fixture),https://arxiv.org/,Frontier Study 0121: Language Models,"['Researcher 25', 'Researcher 17']",https://arxiv.org/abs/2601.00121,https://github.com/frontieratlas/paper-0121,4477,2026-05-09T09:16:03.451621Z,2026-09-07T09:16:03.456095Z
1.0,RESEARCH_PAPER,arXiv (deterministic assessment fixture),https://arxiv.org/,Frontier Study 0122: Multimodal Learning,"['Researcher 26', 'Researcher 18']",https://arxiv.org/abs/2601.00122,https://github.com/frontieratlas/paper-0122,4514,2026-05-08T09:16:03.451621Z,2026-09-07T09:16:03.456102Z
1.0,RESEARCH_PAPER,arXiv (deterministic assessment fixture),https://arxiv.org/,Frontier Study 0123: Robotics,"['Researcher 27', 'Researcher 19']",https://arxiv.org/abs/2601.00123,https://github.com/frontieratlas/paper-0123,4551,2026-05-07T09:16:03.451621Z,2026-09-07T09:16:03.456108Z
1.0,RESEARCH_PAPER,arXiv (deterministic assessment fixture),https://arxiv.org/,Frontier Study 0124: Alignment,"['Researcher 28', 'Researcher 20']",https://arxiv.org/abs/2601.00124,https://github.com/frontieratlas/paper-0124,4588,2026-05-06T09:16:03.451621Z,2026-09-07T09:16:03.456113Z
1.0,RESEARCH_PAPER,arXiv (deterministic assessment fixture),https://arxiv.org/,Frontier Study 0125: Computer Vision,"['Researcher 29', 'Researcher 21']",https://arxiv.org/abs/2601.00125,https://github.com/frontieratlas/paper-0125,4625,2026-05-05T09:16:03.451621Z,2026-09-07T09:16:03.456119Z
1.0,RESEARCH_PAPER,arXiv (deterministic assessment fixture),https://arxiv.org/,Frontier Study 0126: Generative Modeling,"['Researcher 30', 'Researcher 22']",https://arxiv.org/abs/2601.00126,https://github.com/frontieratlas/paper-0126,4662,2026-05-04T09:16:03.451621Z,2026-09-07T09:16:03.456126Z
1.0,RESEARCH_PAPER,arXiv (deterministic assessment fixture),https://arxiv.org/,Frontier Study 0127: Retrieval,"['Researcher 31', 'Researcher 23']",https://arxiv.org/abs/2601.00127,https://github.com/frontieratlas/paper-0127,4699,2026-05-03T09:16:03.451621Z,2026-09-07T09:16:03.456132Z
1.0,RESEARCH_PAPER,arXiv (deterministic assessment fixture),https://arxiv.org/,Frontier Study 0128: Agents,"['Researcher 32', 'Researcher 24']",https://arxiv.org/abs/2601.00128,https://github.com/frontieratlas/paper-0128,4736,2026-05-02T09:16:03.451621Z,2026-09-07T09:16:03.456138Z
1.0,RESEARCH_PAPER,arXiv (deterministic assessment fixture),https://arxiv.org/,Frontier Study 0129: Language Models,"['Researcher 33', 'Researcher 25']",https://arxiv.org/abs/2601.00129,https://github.com/frontieratlas/paper-0129,4773,2026-05-01T09:16:03.451621Z,2026-09-07T09:16:03.456143Z
1.0,RESEARCH_PAPER,arXiv (deterministic assessment fixture),https://arxiv.org/,Frontier Study 0130: Multimodal Learning,"['Researcher 34', 'Researcher 26']",https://arxiv.org/abs/2601.00130,https://github.com/frontieratlas/paper-0130,4810,2026-04-30T09:16:03.451621Z,2026-09-07T09:16:03.456149Z
1.0,RESEARCH_PAPER,arXiv (deterministic assessment fixture),https://arxiv.org/,Frontier Study 0131: Robotics,"['Researcher 35', 'Researcher 27']",https://arxiv.org/abs/2601.00131,https://github.com/frontieratlas/paper-0131,4847,2026-04-29T09:16:03.451621Z,2026-09-07T09:16:03.456154Z
1.0,RESEARCH_PAPER,arXiv (deterministic assessment fixture),https://arxiv.org/,Frontier Study 0132: Alignment,"['Researcher 36', 'Researcher 28']",https://arxiv.org/abs/2601.00132,https://github.com/frontieratlas/paper-0132,4884,2026-04-28T09:16:03.451621Z,2026-09-07T09:16:03.456161Z
1.0,RESEARCH_PAPER,arXiv (deterministic assessment fixture),https://arxiv.org/,Frontier Study 0133: Computer Vision,"['Researcher 37', 'Researcher 29']",https://arxiv.org/abs/2601.00133,https://github.com/frontieratlas/paper-0133,4921,2026-04-27T09:16:03.451621Z,2026-09-07T09:16:03.456167Z
1.0,RESEARCH_PAPER,arXiv (deterministic assessment fixture),https://arxiv.org/,Frontier Study 0134: Generative Modeling,"['Researcher 38', 'Researcher 30']",https://arxiv.org/abs/2601.00134,https://github.com/frontieratlas/paper-0134,4958,2026-04-26T09:16:03.451621Z,2026-09-07T09:16:03.456175Z
1.0,RESEARCH_PAPER,arXiv (deterministic assessment fixture),https://arxiv.org/,Frontier Study 0135: Retrieval,"['Researcher 39', 'Researcher 31']",https://arxiv.org/abs/2601.00135,https://github.com/frontieratlas/paper-0135,4995,2026-04-25T09:16:03.451621Z,2026-09-07T09:16:03.456181Z
1.0,RESEARCH_PAPER,arXiv (deterministic assessment fixture),https://arxiv.org/,Frontier Study 0136: Agents,"['Researcher 40', 'Researcher 32']",https://arxiv.org/abs/2601.00136,https://github.com/frontieratlas/paper-0136,5032,2026-04-24T09:16:03.451621Z,2026-09-07T09:16:03.456186Z
1.0,RESEARCH_PAPER,arXiv (deterministic assessment fixture),https://arxiv.org/,Frontier Study 0137: Language Models,"['Researcher 41', 'Researcher 33']",https://arxiv.org/abs/2601.00137,https://github.com/frontieratlas/paper-0137,5069,2026-04-23T09:16:03.451621Z,2026-09-07T09:16:03.456192Z
1.0,RESEARCH_PAPER,arXiv (deterministic assessment fixture),https://arxiv.org/,Frontier Study 0138: Multimodal Learning,"['Researcher 42', 'Researcher 34']",https://arxiv.org/abs/2601.00138,https://github.com/frontieratlas/paper-0138,5106,2026-04-22T09:16:03.451621Z,2026-09-07T09:16:03.456198Z
1.0,RESEARCH_PAPER,arXiv (deterministic assessment fixture),https://arxiv.org/,Frontier Study 0139: Robotics,"['Researcher 43', 'Researcher 35']",https://arxiv.org/abs/2601.00139,https://github.com/frontieratlas/paper-0139,5143,2026-04-21T09:16:03.451621Z,2026-09-07T09:16:03.456203Z
1.0,RESEARCH_PAPER,arXiv (deterministic assessment fixture),https://arxiv.org/,Frontier Study 0140: Alignment,"['Researcher 44', 'Researcher 36']",https://arxiv.org/abs/2601.00140,https://github.com/frontieratlas/paper-0140,5180,2026-04-20T09:16:03.451621Z,2026-09-07T09:16:03.456209Z
1.0,RESEARCH_PAPER,arXiv (deterministic assessment fixture),https://arxiv.org/,Frontier Study 0141: Computer Vision,"['Researcher 45', 'Researcher 37']",https://arxiv.org/abs/2601.00141,https://github.com/frontieratlas/paper-0141,5217,2026-04-19T09:16:03.451621Z,2026-09-07T09:16:03.456214Z
1.0,RESEARCH_PAPER,arXiv (deterministic assessment fixture),https://arxiv.org/,Frontier Study 0142: Generative Modeling,"['Researcher 46', 'Researcher 38']",https://arxiv.org/abs/2601.00142,https://github.com/frontieratlas/paper-0142,5254,2026-04-18T09:16:03.451621Z,2026-09-07T09:16:03.456222Z
1.0,RESEARCH_PAPER,arXiv (deterministic assessment fixture),https://arxiv.org/,Frontier Study 0143: Retrieval,"['Researcher 47', 'Researcher 39']",https://arxiv.org/abs/2601.00143,https://github.com/frontieratlas/paper-0143,5291,2026-04-17T09:16:03.451621Z,2026-09-07T09:16:03.456228Z
1.0,RESEARCH_PAPER,arXiv (deterministic assessment fixture),https://arxiv.org/,Frontier Study 0144: Agents,"['Researcher 48', 'Researcher 40']",https://arxiv.org/abs/2601.00144,https://github.com/frontieratlas/paper-0144,5328,2026-04-16T09:16:03.451621Z,2026-09-07T09:16:03.456234Z
1.0,RESEARCH_PAPER,arXiv (deterministic assessment fixture),https://arxiv.org/,Frontier Study 0145: Language Models,"['Researcher 49', 'Researcher 41']",https://arxiv.org/abs/2601.00145,https://github.com/frontieratlas/paper-0145,5365,2026-04-15T09:16:03.451621Z,2026-09-07T09:16:03.456240Z
1.0,RESEARCH_PAPER,arXiv (deterministic assessment fixture),https://arxiv.org/,Frontier Study 0146: Multimodal Learning,"['Researcher 50', 'Researcher 42']",https://arxiv.org/abs/2601.00146,https://github.com/frontieratlas/paper-0146,5402,2026-04-14T09:16:03.451621Z,2026-09-07T09:16:03.456246Z
1.0,RESEARCH_PAPER,arXiv (deterministic assessment fixture),https://arxiv.org/,Frontier Study 0147: Robotics,"['Researcher 51', 'Researcher 43']",https://arxiv.org/abs/2601.00147,https://github.com/frontieratlas/paper-0147,5439,2026-04-13T09:16:03.451621Z,2026-09-07T09:16:03.456252Z
1.0,RESEARCH_PAPER,arXiv (deterministic assessment fixture),https://arxiv.org/,Frontier Study 0148: Alignment,"['Researcher 52', 'Researcher 44']",https://arxiv.org/abs/2601.00148,https://github.com/frontieratlas/paper-0148,5476,2026-04-12T09:16:03.451621Z,2026-09-07T09:16:03.456257Z
1.0,RESEARCH_PAPER,arXiv (deterministic assessment fixture),https://arxiv.org/,Frontier Study 0149: Computer Vision,"['Researcher 53', 'Researcher 45']",https://arxiv.org/abs/2601.00149,https://github.com/frontieratlas/paper-0149,5513,2026-04-11T09:16:03.451621Z,2026-09-07T09:16:03.456263Z
1.0,RESEARCH_PAPER,arXiv (deterministic assessment fixture),https://arxiv.org/,Frontier Study 0150: Generative Modeling,"['Researcher 54', 'Researcher 46']",https://arxiv.org/abs/2601.00150,https://github.com/frontieratlas/paper-0150,5550,2026-04-10T09:16:03.451621Z,2026-09-07T09:16:03.456271Z
1.0,RESEARCH_PAPER,arXiv (deterministic assessment fixture),https://arxiv.org/,Frontier Study 0151: Retrieval,"['Researcher 55', 'Researcher 47']",https://arxiv.org/abs/2601.00151,https://github.com/frontieratlas/paper-0151,5587,2026-04-09T09:16:03.451621Z,2026-09-07T09:16:03.456276Z
1.0,RESEARCH_PAPER,arXiv (deterministic assessment fixture),https://arxiv.org/,Frontier Study 0152: Agents,"['Researcher 56', 'Researcher 48']",https://arxiv.org/abs/2601.00152,https://github.com/frontieratlas/paper-0152,5624,2026-04-08T09:16:03.451621Z,2026-09-07T09:16:03.456286Z
1.0,RESEARCH_PAPER,arXiv (deterministic assessment fixture),https://arxiv.org/,Frontier Study 0153: Language Models,"['Researcher 57', 'Researcher 49']",https://arxiv.org/abs/2601.00153,https://github.com/frontieratlas/paper-0153,5661,2026-04-07T09:16:03.451621Z,2026-09-07T09:16:03.456291Z
1.0,RESEARCH_PAPER,arXiv (deterministic assessment fixture),https://arxiv.org/,Frontier Study 0154: Multimodal Learning,"['Researcher 58', 'Researcher 50']",https://arxiv.org/abs/2601.00154,https://github.com/frontieratlas/paper-0154,5698,2026-04-06T09:16:03.451621Z,2026-09-07T09:16:03.456298Z
1.0,RESEARCH_PAPER,arXiv (deterministic assessment fixture),https://arxiv.org/,Frontier Study 0155: Robotics,"['Researcher 59', 'Researcher 51']",https://arxiv.org/abs/2601.00155,https://github.com/frontieratlas/paper-0155,5735,2026-04-05T09:16:03.451621Z,2026-09-07T09:16:03.456304Z
1.0,RESEARCH_PAPER,arXiv (deterministic assessment fixture),https://arxiv.org/,Frontier Study 0156: Alignment,"['Researcher 60', 'Researcher 52']",https://arxiv.org/abs/2601.00156,https://github.com/frontieratlas/paper-0156,5772,2026-04-04T09:16:03.451621Z,2026-09-07T09:16:03.456309Z
1.0,RESEARCH_PAPER,arXiv (deterministic assessment fixture),https://arxiv.org/,Frontier Study 0157: Computer Vision,"['Researcher 61', 'Researcher 53']",https://arxiv.org/abs/2601.00157,https://github.com/frontieratlas/paper-0157,5809,2026-04-03T09:16:03.451621Z,2026-09-07T09:16:03.456316Z
1.0,RESEARCH_PAPER,arXiv (deterministic assessment fixture),https://arxiv.org/,Frontier Study 0158: Generative Modeling,"['Researcher 62', 'Researcher 54']",https://arxiv.org/abs/2601.00158,https://github.com/frontieratlas/paper-0158,5846,2026-04-02T09:16:03.451621Z,2026-09-07T09:16:03.456322Z
1.0,RESEARCH_PAPER,arXiv (deterministic assessment fixture),https://arxiv.org/,Frontier Study 0159: Retrieval,"['Researcher 63', 'Researcher 2']",https://arxiv.org/abs/2601.00159,https://github.com/frontieratlas/paper-0159,5883,2026-04-01T09:16:03.451621Z,2026-09-07T09:16:03.456327Z
1.0,RESEARCH_PAPER,arXiv (deterministic assessment fixture),https://arxiv.org/,Frontier Study 0160: Agents,"['Researcher 64', 'Researcher 3']",https://arxiv.org/abs/2601.00160,https://github.com/frontieratlas/paper-0160,5920,2026-03-31T09:16:03.451621Z,2026-09-07T09:16:03.456333Z
1.0,RESEARCH_PAPER,arXiv (deterministic assessment fixture),https://arxiv.org/,Frontier Study 0161: Language Models,"['Researcher 65', 'Researcher 4']",https://arxiv.org/abs/2601.00161,https://github.com/frontieratlas/paper-0161,5957,2026-03-30T09:16:03.451621Z,2026-09-07T09:16:03.456339Z
1.0,RESEARCH_PAPER,arXiv (deterministic assessment fixture),https://arxiv.org/,Frontier Study 0162: Multimodal Learning,"['Researcher 66', 'Researcher 5']",https://arxiv.org/abs/2601.00162,https://github.com/frontieratlas/paper-0162,5994,2026-03-29T09:16:03.451621Z,2026-09-07T09:16:03.456346Z
1.0,RESEARCH_PAPER,arXiv (deterministic assessment fixture),https://arxiv.org/,Frontier Study 0163: Robotics,"['Researcher 67', 'Researcher 6']",https://arxiv.org/abs/2601.00163,https://github.com/frontieratlas/paper-0163,6031,2026-03-28T09:16:03.451621Z,2026-09-07T09:16:03.456353Z
1.0,RESEARCH_PAPER,arXiv (deterministic assessment fixture),https://arxiv.org/,Frontier Study 0164: Alignment,"['Researcher 68', 'Researcher 7']",https://arxiv.org/abs/2601.00164,https://github.com/frontieratlas/paper-0164,6068,2026-03-27T09:16:03.451621Z,2026-09-07T09:16:03.456358Z
1.0,RESEARCH_PAPER,arXiv (deterministic assessment fixture),https://arxiv.org/,Frontier Study 0165: Computer Vision,"['Researcher 69', 'Researcher 8']",https://arxiv.org/abs/2601.00165,https://github.com/frontieratlas/paper-0165,6105,2026-03-26T09:16:03.451621Z,2026-09-07T09:16:03.456365Z
1.0,RESEARCH_PAPER,arXiv (deterministic assessment fixture),https://arxiv.org/,Frontier Study 0166: Generative Modeling,"['Researcher 70', 'Researcher 9']",https://arxiv.org/abs/2601.00166,https://github.com/frontieratlas/paper-0166,6142,2026-03-25T09:16:03.451621Z,2026-09-07T09:16:03.456371Z
1.0,RESEARCH_PAPER,arXiv (deterministic assessment fixture),https://arxiv.org/,Frontier Study 0167: Retrieval,"['Researcher 71', 'Researcher 10']",https://arxiv.org/abs/2601.00167,https://github.com/frontieratlas/paper-0167,6179,2026-03-24T09:16:03.451621Z,2026-09-07T09:16:03.456377Z
1.0,RESEARCH_PAPER,arXiv (deterministic assessment fixture),https://arxiv.org/,Frontier Study 0168: Agents,"['Researcher 72', 'Researcher 11']",https://arxiv.org/abs/2601.00168,https://github.com/frontieratlas/paper-0168,6216,2026-03-23T09:16:03.451621Z,2026-09-07T09:16:03.456382Z
1.0,RESEARCH_PAPER,arXiv (deterministic assessment fixture),https://arxiv.org/,Frontier Study 0169: Language Models,"['Researcher 73', 'Researcher 12']",https://arxiv.org/abs/2601.00169,https://github.com/frontieratlas/paper-0169,6253,2026-03-22T09:16:03.451621Z,2026-09-07T09:16:03.456387Z
1.0,RESEARCH_PAPER,arXiv (deterministic assessment fixture),https://arxiv.org/,Frontier Study 0170: Multimodal Learning,"['Researcher 74', 'Researcher 13']",https://arxiv.org/abs/2601.00170,https://github.com/frontieratlas/paper-0170,6290,2026-03-21T09:16:03.451621Z,2026-09-07T09:16:03.456393Z
1.0,RESEARCH_PAPER,arXiv (deterministic assessment fixture),https://arxiv.org/,Frontier Study 0171: Robotics,"['Researcher 75', 'Researcher 14']",https://arxiv.org/abs/2601.00171,https://github.com/frontieratlas/paper-0171,6327,2026-03-20T09:16:03.451621Z,2026-09-07T09:16:03.456400Z
1.0,RESEARCH_PAPER,arXiv (deterministic assessment fixture),https://arxiv.org/,Frontier Study 0172: Alignment,"['Researcher 76', 'Researcher 15']",https://arxiv.org/abs/2601.00172,https://github.com/frontieratlas/paper-0172,6364,2026-03-19T09:16:03.451621Z,2026-09-07T09:16:03.456407Z
1.0,RESEARCH_PAPER,arXiv (deterministic assessment fixture),https://arxiv.org/,Frontier Study 0173: Computer Vision,"['Researcher 77', 'Researcher 16']",https://arxiv.org/abs/2601.00173,https://github.com/frontieratlas/paper-0173,6401,2026-03-18T09:16:03.451621Z,2026-09-07T09:16:03.456414Z
1.0,RESEARCH_PAPER,arXiv (deterministic assessment fixture),https://arxiv.org/,Frontier Study 0174: Generative Modeling,"['Researcher 78', 'Researcher 17']",https://arxiv.org/abs/2601.00174,https://github.com/frontieratlas/paper-0174,6438,2026-03-17T09:16:03.451621Z,2026-09-07T09:16:03.456420Z
1.0,RESEARCH_PAPER,arXiv (deterministic assessment fixture),https://arxiv.org/,Frontier Study 0175: Retrieval,"['Researcher 79', 'Researcher 18']",https://arxiv.org/abs/2601.00175,https://github.com/frontieratlas/paper-0175,6475,2026-03-16T09:16:03.451621Z,2026-09-07T09:16:03.456426Z
1.0,RESEARCH_PAPER,arXiv (deterministic assessment fixture),https://arxiv.org/,Frontier Study 0176: Agents,"['Researcher 80', 'Researcher 19']",https://arxiv.org/abs/2601.00176,https://github.com/frontieratlas/paper-0176,6512,2026-03-15T09:16:03.451621Z,2026-09-07T09:16:03.456431Z
1.0,RESEARCH_PAPER,arXiv (deterministic assessment fixture),https://arxiv.org/,Frontier Study 0177: Language Models,"['Researcher 81', 'Researcher 20']",https://arxiv.org/abs/2601.00177,https://github.com/frontieratlas/paper-0177,6549,2026-03-14T09:16:03.451621Z,2026-09-07T09:16:03.456437Z
1.0,RESEARCH_PAPER,arXiv (deterministic assessment fixture),https://arxiv.org/,Frontier Study 0178: Multimodal Learning,"['Researcher 82', 'Researcher 21']",https://arxiv.org/abs/2601.00178,https://github.com/frontieratlas/paper-0178,6586,2026-03-13T09:16:03.451621Z,2026-09-07T09:16:03.456442Z
1.0,RESEARCH_PAPER,arXiv (deterministic assessment fixture),https://arxiv.org/,Frontier Study 0179: Robotics,"['Researcher 83', 'Researcher 22']",https://arxiv.org/abs/2601.00179,https://github.com/frontieratlas/paper-0179,6623,2026-03-12T09:16:03.451621Z,2026-09-07T09:16:03.456448Z
1.0,RESEARCH_PAPER,arXiv (deterministic assessment fixture),https://arxiv.org/,Frontier Study 0180: Alignment,"['Researcher 84', 'Researcher 23']",https://arxiv.org/abs/2601.00180,https://github.com/frontieratlas/paper-0180,6660,2026-03-11T09:16:03.451621Z,2026-09-07T09:16:03.456453Z
1.0,RESEARCH_PAPER,arXiv (deterministic assessment fixture),https://arxiv.org/,Frontier Study 0181: Computer Vision,"['Researcher 85', 'Researcher 24']",https://arxiv.org/abs/2601.00181,https://github.com/frontieratlas/paper-0181,6697,2026-03-10T09:16:03.451621Z,2026-09-07T09:16:03.456461Z
1.0,RESEARCH_PAPER,arXiv (deterministic assessment fixture),https://arxiv.org/,Frontier Study 0182: Generative Modeling,"['Researcher 86', 'Researcher 25']",https://arxiv.org/abs/2601.00182,https://github.com/frontieratlas/paper-0182,6734,2026-03-09T09:16:03.451621Z,2026-09-07T09:16:03.456468Z
1.0,RESEARCH_PAPER,arXiv (deterministic assessment fixture),https://arxiv.org/,Frontier Study 0183: Retrieval,"['Researcher 87', 'Researcher 26']",https://arxiv.org/abs/2601.00183,https://github.com/frontieratlas/paper-0183,6771,2026-03-08T09:16:03.451621Z,2026-09-07T09:16:03.456474Z
1.0,RESEARCH_PAPER,arXiv (deterministic assessment fixture),https://arxiv.org/,Frontier Study 0184: Agents,"['Researcher 88', 'Researcher 27']",https://arxiv.org/abs/2601.00184,https://github.com/frontieratlas/paper-0184,6808,2026-03-07T09:16:03.451621Z,2026-09-07T09:16:03.456479Z
1.0,RESEARCH_PAPER,arXiv (deterministic assessment fixture),https://arxiv.org/,Frontier Study 0185: Language Models,"['Researcher 89', 'Researcher 28']",https://arxiv.org/abs/2601.00185,https://github.com/frontieratlas/paper-0185,6845,2026-03-06T09:16:03.451621Z,2026-09-07T09:16:03.456485Z
1.0,RESEARCH_PAPER,arXiv (deterministic assessment fixture),https://arxiv.org/,Frontier Study 0186: Multimodal Learning,"['Researcher 90', 'Researcher 29']",https://arxiv.org/abs/2601.00186,https://github.com/frontieratlas/paper-0186,6882,2026-03-05T09:16:03.451621Z,2026-09-07T09:16:03.456490Z
1.0,RESEARCH_PAPER,arXiv (deterministic assessment fixture),https://arxiv.org/,Frontier Study 0187: Robotics,"['Researcher 91', 'Researcher 30']",https://arxiv.org/abs/2601.00187,https://github.com/frontieratlas/paper-0187,6919,2026-03-04T09:16:03.451621Z,2026-09-07T09:16:03.456495Z
1.0,RESEARCH_PAPER,arXiv (deterministic assessment fixture),https://arxiv.org/,Frontier Study 0188: Alignment,"['Researcher 92', 'Researcher 31']",https://arxiv.org/abs/2601.00188,https://github.com/frontieratlas/paper-0188,6956,2026-03-03T09:16:03.451621Z,2026-09-07T09:16:03.456502Z
1.0,RESEARCH_PAPER,arXiv (deterministic assessment fixture),https://arxiv.org/,Frontier Study 0189: Computer Vision,"['Researcher 93', 'Researcher 32']",https://arxiv.org/abs/2601.00189,https://github.com/frontieratlas/paper-0189,6993,2026-03-02T09:16:03.451621Z,2026-09-07T09:16:03.456510Z
1.0,RESEARCH_PAPER,arXiv (deterministic assessment fixture),https://arxiv.org/,Frontier Study 0190: Generative Modeling,"['Researcher 94', 'Researcher 33']",https://arxiv.org/abs/2601.00190,https://github.com/frontieratlas/paper-0190,7030,2026-03-01T09:16:03.451621Z,2026-09-07T09:16:03.456516Z
1.0,RESEARCH_PAPER,arXiv (deterministic assessment fixture),https://arxiv.org/,Frontier Study 0191: Retrieval,"['Researcher 95', 'Researcher 34']",https://arxiv.org/abs/2601.00191,https://github.com/frontieratlas/paper-0191,7067,2026-02-28T09:16:03.451621Z,2026-09-07T09:16:03.456522Z
1.0,RESEARCH_PAPER,arXiv (deterministic assessment fixture),https://arxiv.org/,Frontier Study 0192: Agents,"['Researcher 96', 'Researcher 35']",https://arxiv.org/abs/2601.00192,https://github.com/frontieratlas/paper-0192,7104,2026-02-27T09:16:03.451621Z,2026-09-07T09:16:03.456529Z
1.0,RESEARCH_PAPER,arXiv (deterministic assessment fixture),https://arxiv.org/,Frontier Study 0193: Language Models,"['Researcher 97', 'Researcher 36']",https://arxiv.org/abs/2601.00193,https://github.com/frontieratlas/paper-0193,7141,2026-02-26T09:16:03.451621Z,2026-09-07T09:16:03.456534Z
1.0,RESEARCH_PAPER,arXiv (deterministic assessment fixture),https://arxiv.org/,Frontier Study 0194: Multimodal Learning,"['Researcher 1', 'Researcher 37']",https://arxiv.org/abs/2601.00194,https://github.com/frontieratlas/paper-0194,7178,2026-02-25T09:16:03.451621Z,2026-09-07T09:16:03.456540Z
1.0,RESEARCH_PAPER,arXiv (deterministic assessment fixture),https://arxiv.org/,Frontier Study 0195: Robotics,"['Researcher 2', 'Researcher 38']",https://arxiv.org/abs/2601.00195,https://github.com/frontieratlas/paper-0195,7215,2026-02-24T09:16:03.451621Z,2026-09-07T09:16:03.456546Z
1.0,RESEARCH_PAPER,arXiv (deterministic assessment fixture),https://arxiv.org/,Frontier Study 0196: Alignment,"['Researcher 3', 'Researcher 39']",https://arxiv.org/abs/2601.00196,https://github.com/frontieratlas/paper-0196,7252,2026-02-23T09:16:03.451621Z,2026-09-07T09:16:03.456553Z
1.0,RESEARCH_PAPER,arXiv (deterministic assessment fixture),https://arxiv.org/,Frontier Study 0197: Computer Vision,"['Researcher 4', 'Researcher 40']",https://arxiv.org/abs/2601.00197,https://github.com/frontieratlas/paper-0197,7289,2026-02-22T09:16:03.451621Z,2026-09-07T09:16:03.456559Z
1.0,RESEARCH_PAPER,arXiv (deterministic assessment fixture),https://arxiv.org/,Frontier Study 0198: Generative Modeling,"['Researcher 5', 'Researcher 41']",https://arxiv.org/abs/2601.00198,https://github.com/frontieratlas/paper-0198,7326,2026-02-21T09:16:03.451621Z,2026-09-07T09:16:03.456564Z
1.0,RESEARCH_PAPER,arXiv (deterministic assessment fixture),https://arxiv.org/,Frontier Study 0199: Retrieval,"['Researcher 6', 'Researcher 42']",https://arxiv.org/abs/2601.00199,https://github.com/frontieratlas/paper-0199,7363,2026-02-20T09:16:03.451621Z,2026-09-07T09:16:03.456571Z
1.0,RESEARCH_PAPER,arXiv (deterministic assessment fixture),https://arxiv.org/,Frontier Study 0200: Agents,"['Researcher 7', 'Researcher 43']",https://arxiv.org/abs/2601.00200,https://github.com/frontieratlas/paper-0200,7400,2026-02-19T09:16:03.451621Z,2026-09-07T09:16:03.456577Z
1.0,RESEARCH_PAPER,arXiv (deterministic assessment fixture),https://arxiv.org/,Frontier Study 0201: Language Models,"['Researcher 8', 'Researcher 44']",https://arxiv.org/abs/2601.00201,https://github.com/frontieratlas/paper-0201,7437,2026-02-18T09:16:03.451621Z,2026-09-07T09:16:03.459448Z
1.0,RESEARCH_PAPER,arXiv (deterministic assessment fixture),https://arxiv.org/,Frontier Study 0202: Multimodal Learning,"['Researcher 9', 'Researcher 45']",https://arxiv.org/abs/2601.00202,https://github.com/frontieratlas/paper-0202,7474,2026-02-17T09:16:03.451621Z,2026-09-07T09:16:03.459458Z
1.0,RESEARCH_PAPER,arXiv (deterministic assessment fixture),https://arxiv.org/,Frontier Study 0203: Robotics,"['Researcher 10', 'Researcher 46']",https://arxiv.org/abs/2601.00203,https://github.com/frontieratlas/paper-0203,7511,2026-02-16T09:16:03.451621Z,2026-09-07T09:16:03.459464Z
1.0,RESEARCH_PAPER,arXiv (deterministic assessment fixture),https://arxiv.org/,Frontier Study 0204: Alignment,"['Researcher 11', 'Researcher 47']",https://arxiv.org/abs/2601.00204,https://github.com/frontieratlas/paper-0204,7548,2026-02-15T09:16:03.451621Z,2026-09-07T09:16:03.459470Z
1.0,RESEARCH_PAPER,arXiv (deterministic assessment fixture),https://arxiv.org/,Frontier Study 0205: Computer Vision,"['Researcher 12', 'Researcher 48']",https://arxiv.org/abs/2601.00205,https://github.com/frontieratlas/paper-0205,7585,2026-02-14T09:16:03.451621Z,2026-09-07T09:16:03.459476Z
1.0,RESEARCH_PAPER,arXiv (deterministic assessment fixture),https://arxiv.org/,Frontier Study 0206: Generative Modeling,"['Researcher 13', 'Researcher 49']",https://arxiv.org/abs/2601.00206,https://github.com/frontieratlas/paper-0206,7622,2026-02-13T09:16:03.451621Z,2026-09-07T09:16:03.459484Z
1.0,RESEARCH_PAPER,arXiv (deterministic assessment fixture),https://arxiv.org/,Frontier Study 0207: Retrieval,"['Researcher 14', 'Researcher 50']",https://arxiv.org/abs/2601.00207,https://github.com/frontieratlas/paper-0207,7659,2026-02-12T09:16:03.451621Z,2026-09-07T09:16:03.459489Z
1.0,RESEARCH_PAPER,arXiv (deterministic assessment fixture),https://arxiv.org/,Frontier Study 0208: Agents,"['Researcher 15', 'Researcher 51']",https://arxiv.org/abs/2601.00208,https://github.com/frontieratlas/paper-0208,7696,2026-02-11T09:16:03.451621Z,2026-09-07T09:16:03.459495Z
1.0,RESEARCH_PAPER,arXiv (deterministic assessment fixture),https://arxiv.org/,Frontier Study 0209: Language Models,"['Researcher 16', 'Researcher 52']",https://arxiv.org/abs/2601.00209,https://github.com/frontieratlas/paper-0209,7733,2026-02-10T09:16:03.451621Z,2026-09-07T09:16:03.459500Z
1.0,RESEARCH_PAPER,arXiv (deterministic assessment fixture),https://arxiv.org/,Frontier Study 0210: Multimodal Learning,"['Researcher 17', 'Researcher 53']",https://arxiv.org/abs/2601.00210,https://github.com/frontieratlas/paper-0210,7770,2026-02-09T09:16:03.451621Z,2026-09-07T09:16:03.459506Z
1.0,RESEARCH_PAPER,arXiv (deterministic assessment fixture),https://arxiv.org/,Frontier Study 0211: Robotics,"['Researcher 18', 'Researcher 54']",https://arxiv.org/abs/2601.00211,https://github.com/frontieratlas/paper-0211,7807,2026-02-08T09:16:03.451621Z,2026-09-07T09:16:03.459513Z
1.0,RESEARCH_PAPER,arXiv (deterministic assessment fixture),https://arxiv.org/,Frontier Study 0212: Alignment,"['Researcher 19', 'Researcher 2']",https://arxiv.org/abs/2601.00212,https://github.com/frontieratlas/paper-0212,7844,2026-02-07T09:16:03.451621Z,2026-09-07T09:16:03.459520Z
1.0,RESEARCH_PAPER,arXiv (deterministic assessment fixture),https://arxiv.org/,Frontier Study 0213: Computer Vision,"['Researcher 20', 'Researcher 3']",https://arxiv.org/abs/2601.00213,https://github.com/frontieratlas/paper-0213,7881,2026-02-06T09:16:03.451621Z,2026-09-07T09:16:03.459527Z
1.0,RESEARCH_PAPER,arXiv (deterministic assessment fixture),https://arxiv.org/,Frontier Study 0214: Generative Modeling,"['Researcher 21', 'Researcher 4']",https://arxiv.org/abs/2601.00214,https://github.com/frontieratlas/paper-0214,7918,2026-02-05T09:16:03.451621Z,2026-09-07T09:16:03.459534Z
1.0,RESEARCH_PAPER,arXiv (deterministic assessment fixture),https://arxiv.org/,Frontier Study 0215: Retrieval,"['Researcher 22', 'Researcher 5']",https://arxiv.org/abs/2601.00215,https://github.com/frontieratlas/paper-0215,7955,2026-02-04T09:16:03.451621Z,2026-09-07T09:16:03.459540Z
1.0,RESEARCH_PAPER,arXiv (deterministic assessment fixture),https://arxiv.org/,Frontier Study 0216: Agents,"['Researcher 23', 'Researcher 6']",https://arxiv.org/abs/2601.00216,https://github.com/frontieratlas/paper-0216,7992,2026-02-03T09:16:03.451621Z,2026-09-07T09:16:03.459545Z
1.0,RESEARCH_PAPER,arXiv (deterministic assessment fixture),https://arxiv.org/,Frontier Study 0217: Language Models,"['Researcher 24', 'Researcher 7']",https://arxiv.org/abs/2601.00217,https://github.com/frontieratlas/paper-0217,8029,2026-02-02T09:16:03.451621Z,2026-09-07T09:16:03.459552Z
1.0,RESEARCH_PAPER,arXiv (deterministic assessment fixture),https://arxiv.org/,Frontier Study 0218: Multimodal Learning,"['Researcher 25', 'Researcher 8']",https://arxiv.org/abs/2601.00218,https://github.com/frontieratlas/paper-0218,8066,2026-02-01T09:16:03.451621Z,2026-09-07T09:16:03.459558Z
1.0,RESEARCH_PAPER,arXiv (deterministic assessment fixture),https://arxiv.org/,Frontier Study 0219: Robotics,"['Researcher 26', 'Researcher 9']",https://arxiv.org/abs/2601.00219,https://github.com/frontieratlas/paper-0219,8103,2026-01-31T09:16:03.451621Z,2026-09-07T09:16:03.459564Z
1.0,RESEARCH_PAPER,arXiv (deterministic assessment fixture),https://arxiv.org/,Frontier Study 0220: Alignment,"['Researcher 27', 'Researcher 10']",https://arxiv.org/abs/2601.00220,https://github.com/frontieratlas/paper-0220,8140,2026-01-30T09:16:03.451621Z,2026-09-07T09:16:03.459569Z
1.0,RESEARCH_PAPER,arXiv (deterministic assessment fixture),https://arxiv.org/,Frontier Study 0221: Computer Vision,"['Researcher 28', 'Researcher 11']",https://arxiv.org/abs/2601.00221,https://github.com/frontieratlas/paper-0221,8177,2026-01-29T09:16:03.451621Z,2026-09-07T09:16:03.459575Z
1.0,RESEARCH_PAPER,arXiv (deterministic assessment fixture),https://arxiv.org/,Frontier Study 0222: Generative Modeling,"['Researcher 29', 'Researcher 12']",https://arxiv.org/abs/2601.00222,https://github.com/frontieratlas/paper-0222,8214,2026-01-28T09:16:03.451621Z,2026-09-07T09:16:03.459584Z
1.0,RESEARCH_PAPER,arXiv (deterministic assessment fixture),https://arxiv.org/,Frontier Study 0223: Retrieval,"['Researcher 30', 'Researcher 13']",https://arxiv.org/abs/2601.00223,https://github.com/frontieratlas/paper-0223,8251,2026-01-27T09:16:03.451621Z,2026-09-07T09:16:03.459590Z
1.0,RESEARCH_PAPER,arXiv (deterministic assessment fixture),https://arxiv.org/,Frontier Study 0224: Agents,"['Researcher 31', 'Researcher 14']",https://arxiv.org/abs/2601.00224,https://github.com/frontieratlas/paper-0224,8288,2026-01-26T09:16:03.451621Z,2026-09-07T09:16:03.459596Z
1.0,RESEARCH_PAPER,arXiv (deterministic assessment fixture),https://arxiv.org/,Frontier Study 0225: Language Models,"['Researcher 32', 'Researcher 15']",https://arxiv.org/abs/2601.00225,https://github.com/frontieratlas/paper-0225,8325,2026-01-25T09:16:03.451621Z,2026-09-07T09:16:03.459602Z
1.0,RESEARCH_PAPER,arXiv (deterministic assessment fixture),https://arxiv.org/,Frontier Study 0226: Multimodal Learning,"['Researcher 33', 'Researcher 16']",https://arxiv.org/abs/2601.00226,https://github.com/frontieratlas/paper-0226,8362,2026-01-24T09:16:03.451621Z,2026-09-07T09:16:03.459607Z
1.0,RESEARCH_PAPER,arXiv (deterministic assessment fixture),https://arxiv.org/,Frontier Study 0227: Robotics,"['Researcher 34', 'Researcher 17']",https://arxiv.org/abs/2601.00227,https://github.com/frontieratlas/paper-0227,8399,2026-01-23T09:16:03.451621Z,2026-09-07T09:16:03.459613Z
1.0,RESEARCH_PAPER,arXiv (deterministic assessment fixture),https://arxiv.org/,Frontier Study 0228: Alignment,"['Researcher 35', 'Researcher 18']",https://arxiv.org/abs/2601.00228,https://github.com/frontieratlas/paper-0228,8436,2026-01-22T09:16:03.451621Z,2026-09-07T09:16:03.459618Z
1.0,RESEARCH_PAPER,arXiv (deterministic assessment fixture),https://arxiv.org/,Frontier Study 0229: Computer Vision,"['Researcher 36', 'Researcher 19']",https://arxiv.org/abs/2601.00229,https://github.com/frontieratlas/paper-0229,8473,2026-01-21T09:16:03.451621Z,2026-09-07T09:16:03.459625Z
1.0,RESEARCH_PAPER,arXiv (deterministic assessment fixture),https://arxiv.org/,Frontier Study 0230: Generative Modeling,"['Researcher 37', 'Researcher 20']",https://arxiv.org/abs/2601.00230,https://github.com/frontieratlas/paper-0230,8510,2026-01-20T09:16:03.451621Z,2026-09-07T09:16:03.459633Z
1.0,RESEARCH_PAPER,arXiv (deterministic assessment fixture),https://arxiv.org/,Frontier Study 0231: Retrieval,"['Researcher 38', 'Researcher 21']",https://arxiv.org/abs/2601.00231,https://github.com/frontieratlas/paper-0231,8547,2026-01-19T09:16:03.451621Z,2026-09-07T09:16:03.459640Z
1.0,RESEARCH_PAPER,arXiv (deterministic assessment fixture),https://arxiv.org/,Frontier Study 0232: Agents,"['Researcher 39', 'Researcher 22']",https://arxiv.org/abs/2601.00232,https://github.com/frontieratlas/paper-0232,8584,2026-01-18T09:16:03.451621Z,2026-09-07T09:16:03.459647Z
1.0,RESEARCH_PAPER,arXiv (deterministic assessment fixture),https://arxiv.org/,Frontier Study 0233: Language Models,"['Researcher 40', 'Researcher 23']",https://arxiv.org/abs/2601.00233,https://github.com/frontieratlas/paper-0233,8621,2026-01-17T09:16:03.451621Z,2026-09-07T09:16:03.459653Z
1.0,RESEARCH_PAPER,arXiv (deterministic assessment fixture),https://arxiv.org/,Frontier Study 0234: Multimodal Learning,"['Researcher 41', 'Researcher 24']",https://arxiv.org/abs/2601.00234,https://github.com/frontieratlas/paper-0234,8658,2026-01-16T09:16:03.451621Z,2026-09-07T09:16:03.459659Z
1.0,RESEARCH_PAPER,arXiv (deterministic assessment fixture),https://arxiv.org/,Frontier Study 0235: Robotics,"['Researcher 42', 'Researcher 25']",https://arxiv.org/abs/2601.00235,https://github.com/frontieratlas/paper-0235,8695,2026-01-15T09:16:03.451621Z,2026-09-07T09:16:03.459664Z
1.0,RESEARCH_PAPER,arXiv (deterministic assessment fixture),https://arxiv.org/,Frontier Study 0236: Alignment,"['Researcher 43', 'Researcher 26']",https://arxiv.org/abs/2601.00236,https://github.com/frontieratlas/paper-0236,8732,2026-01-14T09:16:03.451621Z,2026-09-07T09:16:03.459670Z
1.0,RESEARCH_PAPER,arXiv (deterministic assessment fixture),https://arxiv.org/,Frontier Study 0237: Computer Vision,"['Researcher 44', 'Researcher 27']",https://arxiv.org/abs/2601.00237,https://github.com/frontieratlas/paper-0237,8769,2026-01-13T09:16:03.451621Z,2026-09-07T09:16:03.459676Z
1.0,RESEARCH_PAPER,arXiv (deterministic assessment fixture),https://arxiv.org/,Frontier Study 0238: Generative Modeling,"['Researcher 45', 'Researcher 28']",https://arxiv.org/abs/2601.00238,https://github.com/frontieratlas/paper-0238,8806,2026-01-12T09:16:03.451621Z,2026-09-07T09:16:03.459704Z
1.0,RESEARCH_PAPER,arXiv (deterministic assessment fixture),https://arxiv.org/,Frontier Study 0239: Retrieval,"['Researcher 46', 'Researcher 29']",https://arxiv.org/abs/2601.00239,https://github.com/frontieratlas/paper-0239,8843,2026-01-11T09:16:03.451621Z,2026-09-07T09:16:03.459712Z
1.0,RESEARCH_PAPER,arXiv (deterministic assessment fixture),https://arxiv.org/,Frontier Study 0240: Agents,"['Researcher 47', 'Researcher 30']",https://arxiv.org/abs/2601.00240,https://github.com/frontieratlas/paper-0240,8880,2026-01-10T09:16:03.451621Z,2026-09-07T09:16:03.459718Z
1.0,RESEARCH_PAPER,arXiv (deterministic assessment fixture),https://arxiv.org/,Frontier Study 0241: Language Models,"['Researcher 48', 'Researcher 31']",https://arxiv.org/abs/2601.00241,https://github.com/frontieratlas/paper-0241,8917,2026-01-09T09:16:03.451621Z,2026-09-07T09:16:03.459724Z
1.0,RESEARCH_PAPER,arXiv (deterministic assessment fixture),https://arxiv.org/,Frontier Study 0242: Multimodal Learning,"['Researcher 49', 'Researcher 32']",https://arxiv.org/abs/2601.00242,https://github.com/frontieratlas/paper-0242,8954,2026-01-08T09:16:03.451621Z,2026-09-07T09:16:03.459731Z
1.0,RESEARCH_PAPER,arXiv (deterministic assessment fixture),https://arxiv.org/,Frontier Study 0243: Robotics,"['Researcher 50', 'Researcher 33']",https://arxiv.org/abs/2601.00243,https://github.com/frontieratlas/paper-0243,8991,2026-01-07T09:16:03.451621Z,2026-09-07T09:16:03.459737Z
1.0,RESEARCH_PAPER,arXiv (deterministic assessment fixture),https://arxiv.org/,Frontier Study 0244: Alignment,"['Researcher 51', 'Researcher 34']",https://arxiv.org/abs/2601.00244,https://github.com/frontieratlas/paper-0244,9028,2026-01-06T09:16:03.451621Z,2026-09-07T09:16:03.459742Z
1.0,RESEARCH_PAPER,arXiv (deterministic assessment fixture),https://arxiv.org/,Frontier Study 0245: Computer Vision,"['Researcher 52', 'Researcher 35']",https://arxiv.org/abs/2601.00245,https://github.com/frontieratlas/paper-0245,9065,2026-01-05T09:16:03.451621Z,2026-09-07T09:16:03.459749Z
1.0,RESEARCH_PAPER,arXiv (deterministic assessment fixture),https://arxiv.org/,Frontier Study 0246: Generative Modeling,"['Researcher 53', 'Researcher 36']",https://arxiv.org/abs/2601.00246,https://github.com/frontieratlas/paper-0246,9102,2026-01-04T09:16:03.451621Z,2026-09-07T09:16:03.459757Z
1.0,RESEARCH_PAPER,arXiv (deterministic assessment fixture),https://arxiv.org/,Frontier Study 0247: Retrieval,"['Researcher 54', 'Researcher 37']",https://arxiv.org/abs/2601.00247,https://github.com/frontieratlas/paper-0247,9139,2026-01-03T09:16:03.451621Z,2026-09-07T09:16:03.459762Z
1.0,RESEARCH_PAPER,arXiv (deterministic assessment fixture),https://arxiv.org/,Frontier Study 0248: Agents,"['Researcher 55', 'Researcher 38']",https://arxiv.org/abs/2601.00248,https://github.com/frontieratlas/paper-0248,9176,2026-01-02T09:16:03.451621Z,2026-09-07T09:16:03.459769Z
1.0,RESEARCH_PAPER,arXiv (deterministic assessment fixture),https://arxiv.org/,Frontier Study 0249: Language Models,"['Researcher 56', 'Researcher 39']",https://arxiv.org/abs/2601.00249,https://github.com/frontieratlas/paper-0249,9213,2026-01-01T09:16:03.451621Z,2026-09-07T09:16:03.459777Z
1.0,RESEARCH_PAPER,arXiv (deterministic assessment fixture),https://arxiv.org/,Frontier Study 0250: Multimodal Learning,"['Researcher 57', 'Researcher 40']",https://arxiv.org/abs/2601.00250,https://github.com/frontieratlas/paper-0250,9250,2025-12-31T09:16:03.451621Z,2026-09-07T09:16:03.459785Z
1.0,RESEARCH_PAPER,arXiv (deterministic assessment fixture),https://arxiv.org/,Frontier Study 0251: Robotics,"['Researcher 58', 'Researcher 41']",https://arxiv.org/abs/2601.00251,https://github.com/frontieratlas/paper-0251,9287,2025-12-30T09:16:03.451621Z,2026-09-07T09:16:03.459793Z
1.0,RESEARCH_PAPER,arXiv (deterministic assessment fixture),https://arxiv.org/,Frontier Study 0252: Alignment,"['Researcher 59', 'Researcher 42']",https://arxiv.org/abs/2601.00252,https://github.com/frontieratlas/paper-0252,9324,2025-12-29T09:16:03.451621Z,2026-09-07T09:16:03.459800Z
1.0,RESEARCH_PAPER,arXiv (deterministic assessment fixture),https://arxiv.org/,Frontier Study 0253: Computer Vision,"['Researcher 60', 'Researcher 43']",https://arxiv.org/abs/2601.00253,https://github.com/frontieratlas/paper-0253,9361,2025-12-28T09:16:03.451621Z,2026-09-07T09:16:03.459807Z
1.0,RESEARCH_PAPER,arXiv (deterministic assessment fixture),https://arxiv.org/,Frontier Study 0254: Generative Modeling,"['Researcher 61', 'Researcher 44']",https://arxiv.org/abs/2601.00254,https://github.com/frontieratlas/paper-0254,9398,2025-12-27T09:16:03.451621Z,2026-09-07T09:16:03.459812Z
1.0,RESEARCH_PAPER,arXiv (deterministic assessment fixture),https://arxiv.org/,Frontier Study 0255: Retrieval,"['Researcher 62', 'Researcher 45']",https://arxiv.org/abs/2601.00255,https://github.com/frontieratlas/paper-0255,9435,2025-12-26T09:16:03.451621Z,2026-09-07T09:16:03.459818Z
1.0,RESEARCH_PAPER,arXiv (deterministic assessment fixture),https://arxiv.org/,Frontier Study 0256: Agents,"['Researcher 63', 'Researcher 46']",https://arxiv.org/abs/2601.00256,https://github.com/frontieratlas/paper-0256,9472,2025-12-25T09:16:03.451621Z,2026-09-07T09:16:03.459823Z
1.0,RESEARCH_PAPER,arXiv (deterministic assessment fixture),https://arxiv.org/,Frontier Study 0257: Language Models,"['Researcher 64', 'Researcher 47']",https://arxiv.org/abs/2601.00257,https://github.com/frontieratlas/paper-0257,9509,2025-12-24T09:16:03.451621Z,2026-09-07T09:16:03.459830Z
1.0,RESEARCH_PAPER,arXiv (deterministic assessment fixture),https://arxiv.org/,Frontier Study 0258: Multimodal Learning,"['Researcher 65', 'Researcher 48']",https://arxiv.org/abs/2601.00258,https://github.com/frontieratlas/paper-0258,9546,2025-12-23T09:16:03.451621Z,2026-09-07T09:16:03.459837Z
1.0,RESEARCH_PAPER,arXiv (deterministic assessment fixture),https://arxiv.org/,Frontier Study 0259: Robotics,"['Researcher 66', 'Researcher 49']",https://arxiv.org/abs/2601.00259,https://github.com/frontieratlas/paper-0259,9583,2025-12-22T09:16:03.451621Z,2026-09-07T09:16:03.459842Z
1.0,RESEARCH_PAPER,arXiv (deterministic assessment fixture),https://arxiv.org/,Frontier Study 0260: Alignment,"['Researcher 67', 'Researcher 50']",https://arxiv.org/abs/2601.00260,https://github.com/frontieratlas/paper-0260,9620,2025-12-21T09:16:03.451621Z,2026-09-07T09:16:03.459849Z
1.0,RESEARCH_PAPER,arXiv (deterministic assessment fixture),https://arxiv.org/,Frontier Study 0261: Computer Vision,"['Researcher 68', 'Researcher 51']",https://arxiv.org/abs/2601.00261,https://github.com/frontieratlas/paper-0261,9657,2025-12-20T09:16:03.451621Z,2026-09-07T09:16:03.459855Z
1.0,RESEARCH_PAPER,arXiv (deterministic assessment fixture),https://arxiv.org/,Frontier Study 0262: Generative Modeling,"['Researcher 69', 'Researcher 52']",https://arxiv.org/abs/2601.00262,https://github.com/frontieratlas/paper-0262,9694,2025-12-19T09:16:03.451621Z,2026-09-07T09:16:03.459863Z
1.0,RESEARCH_PAPER,arXiv (deterministic assessment fixture),https://arxiv.org/,Frontier Study 0263: Retrieval,"['Researcher 70', 'Researcher 53']",https://arxiv.org/abs/2601.00263,https://github.com/frontieratlas/paper-0263,9731,2025-12-18T09:16:03.451621Z,2026-09-07T09:16:03.459868Z
1.0,RESEARCH_PAPER,arXiv (deterministic assessment fixture),https://arxiv.org/,Frontier Study 0264: Agents,"['Researcher 71', 'Researcher 54']",https://arxiv.org/abs/2601.00264,https://github.com/frontieratlas/paper-0264,9768,2025-12-17T09:16:03.451621Z,2026-09-07T09:16:03.459874Z
1.0,RESEARCH_PAPER,arXiv (deterministic assessment fixture),https://arxiv.org/,Frontier Study 0265: Language Models,"['Researcher 72', 'Researcher 2']",https://arxiv.org/abs/2601.00265,https://github.com/frontieratlas/paper-0265,9805,2025-12-16T09:16:03.451621Z,2026-09-07T09:16:03.459879Z
1.0,RESEARCH_PAPER,arXiv (deterministic assessment fixture),https://arxiv.org/,Frontier Study 0266: Multimodal Learning,"['Researcher 73', 'Researcher 3']",https://arxiv.org/abs/2601.00266,https://github.com/frontieratlas/paper-0266,9842,2025-12-15T09:16:03.451621Z,2026-09-07T09:16:03.459885Z
1.0,RESEARCH_PAPER,arXiv (deterministic assessment fixture),https://arxiv.org/,Frontier Study 0267: Robotics,"['Researcher 74', 'Researcher 4']",https://arxiv.org/abs/2601.00267,https://github.com/frontieratlas/paper-0267,9879,2025-12-14T09:16:03.451621Z,2026-09-07T09:16:03.459893Z
1.0,RESEARCH_PAPER,arXiv (deterministic assessment fixture),https://arxiv.org/,Frontier Study 0268: Alignment,"['Researcher 75', 'Researcher 5']",https://arxiv.org/abs/2601.00268,https://github.com/frontieratlas/paper-0268,9916,2025-12-13T09:16:03.451621Z,2026-09-07T09:16:03.459901Z
1.0,RESEARCH_PAPER,arXiv (deterministic assessment fixture),https://arxiv.org/,Frontier Study 0269: Computer Vision,"['Researcher 76', 'Researcher 6']",https://arxiv.org/abs/2601.00269,https://github.com/frontieratlas/paper-0269,9953,2025-12-12T09:16:03.451621Z,2026-09-07T09:16:03.459906Z
1.0,RESEARCH_PAPER,arXiv (deterministic assessment fixture),https://arxiv.org/,Frontier Study 0270: Generative Modeling,"['Researcher 77', 'Researcher 7']",https://arxiv.org/abs/2601.00270,https://github.com/frontieratlas/paper-0270,9990,2025-12-11T09:16:03.451621Z,2026-09-07T09:16:03.459913Z
1.0,RESEARCH_PAPER,arXiv (deterministic assessment fixture),https://arxiv.org/,Frontier Study 0271: Retrieval,"['Researcher 78', 'Researcher 8']",https://arxiv.org/abs/2601.00271,https://github.com/frontieratlas/paper-0271,10027,2025-12-10T09:16:03.451621Z,2026-09-07T09:16:03.459918Z
1.0,RESEARCH_PAPER,arXiv (deterministic assessment fixture),https://arxiv.org/,Frontier Study 0272: Agents,"['Researcher 79', 'Researcher 9']",https://arxiv.org/abs/2601.00272,https://github.com/frontieratlas/paper-0272,10064,2025-12-09T09:16:03.451621Z,2026-09-07T09:16:03.459925Z
1.0,RESEARCH_PAPER,arXiv (deterministic assessment fixture),https://arxiv.org/,Frontier Study 0273: Language Models,"['Researcher 80', 'Researcher 10']",https://arxiv.org/abs/2601.00273,https://github.com/frontieratlas/paper-0273,10101,2025-12-08T09:16:03.451621Z,2026-09-07T09:16:03.459931Z
1.0,RESEARCH_PAPER,arXiv (deterministic assessment fixture),https://arxiv.org/,Frontier Study 0274: Multimodal Learning,"['Researcher 81', 'Researcher 11']",https://arxiv.org/abs/2601.00274,https://github.com/frontieratlas/paper-0274,10138,2025-12-07T09:16:03.451621Z,2026-09-07T09:16:03.459936Z
1.0,RESEARCH_PAPER,arXiv (deterministic assessment fixture),https://arxiv.org/,Frontier Study 0275: Robotics,"['Researcher 82', 'Researcher 12']",https://arxiv.org/abs/2601.00275,https://github.com/frontieratlas/paper-0275,10175,2025-12-06T09:16:03.451621Z,2026-09-07T09:16:03.459942Z
1.0,RESEARCH_PAPER,arXiv (deterministic assessment fixture),https://arxiv.org/,Frontier Study 0276: Alignment,"['Researcher 83', 'Researcher 13']",https://arxiv.org/abs/2601.00276,https://github.com/frontieratlas/paper-0276,10212,2025-12-05T09:16:03.451621Z,2026-09-07T09:16:03.459949Z
1.0,RESEARCH_PAPER,arXiv (deterministic assessment fixture),https://arxiv.org/,Frontier Study 0277: Computer Vision,"['Researcher 84', 'Researcher 14']",https://arxiv.org/abs/2601.00277,https://github.com/frontieratlas/paper-0277,10249,2025-12-04T09:16:03.451621Z,2026-09-07T09:16:03.459955Z
1.0,RESEARCH_PAPER,arXiv (deterministic assessment fixture),https://arxiv.org/,Frontier Study 0278: Generative Modeling,"['Researcher 85', 'Researcher 15']",https://arxiv.org/abs/2601.00278,https://github.com/frontieratlas/paper-0278,10286,2025-12-03T09:16:03.451621Z,2026-09-07T09:16:03.459963Z
1.0,RESEARCH_PAPER,arXiv (deterministic assessment fixture),https://arxiv.org/,Frontier Study 0279: Retrieval,"['Researcher 86', 'Researcher 16']",https://arxiv.org/abs/2601.00279,https://github.com/frontieratlas/paper-0279,10323,2025-12-02T09:16:03.451621Z,2026-09-07T09:16:03.459969Z
1.0,RESEARCH_PAPER,arXiv (deterministic assessment fixture),https://arxiv.org/,Frontier Study 0280: Agents,"['Researcher 87', 'Researcher 17']",https://arxiv.org/abs/2601.00280,https://github.com/frontieratlas/paper-0280,10360,2025-12-01T09:16:03.451621Z,2026-09-07T09:16:03.459974Z
1.0,RESEARCH_PAPER,arXiv (deterministic assessment fixture),https://arxiv.org/,Frontier Study 0281: Language Models,"['Researcher 88', 'Researcher 18']",https://arxiv.org/abs/2601.00281,https://github.com/frontieratlas/paper-0281,10397,2025-11-30T09:16:03.451621Z,2026-09-07T09:16:03.459980Z
1.0,RESEARCH_PAPER,arXiv (deterministic assessment fixture),https://arxiv.org/,Frontier Study 0282: Multimodal Learning,"['Researcher 89', 'Researcher 19']",https://arxiv.org/abs/2601.00282,https://github.com/frontieratlas/paper-0282,10434,2025-11-29T09:16:03.451621Z,2026-09-07T09:16:03.459987Z
1.0,RESEARCH_PAPER,arXiv (deterministic assessment fixture),https://arxiv.org/,Frontier Study 0283: Robotics,"['Researcher 90', 'Researcher 20']",https://arxiv.org/abs/2601.00283,https://github.com/frontieratlas/paper-0283,10471,2025-11-28T09:16:03.451621Z,2026-09-07T09:16:03.459993Z
1.0,RESEARCH_PAPER,arXiv (deterministic assessment fixture),https://arxiv.org/,Frontier Study 0284: Alignment,"['Researcher 91', 'Researcher 21']",https://arxiv.org/abs/2601.00284,https://github.com/frontieratlas/paper-0284,10508,2025-11-27T09:16:03.451621Z,2026-09-07T09:16:03.460001Z
1.0,RESEARCH_PAPER,arXiv (deterministic assessment fixture),https://arxiv.org/,Frontier Study 0285: Computer Vision,"['Researcher 92', 'Researcher 22']",https://arxiv.org/abs/2601.00285,https://github.com/frontieratlas/paper-0285,10545,2025-11-26T09:16:03.451621Z,2026-09-07T09:16:03.460009Z
1.0,RESEARCH_PAPER,arXiv (deterministic assessment fixture),https://arxiv.org/,Frontier Study 0286: Generative Modeling,"['Researcher 93', 'Researcher 23']",https://arxiv.org/abs/2601.00286,https://github.com/frontieratlas/paper-0286,10582,2025-11-25T09:16:03.451621Z,2026-09-07T09:16:03.460015Z
1.0,RESEARCH_PAPER,arXiv (deterministic assessment fixture),https://arxiv.org/,Frontier Study 0287: Retrieval,"['Researcher 94', 'Researcher 24']",https://arxiv.org/abs/2601.00287,https://github.com/frontieratlas/paper-0287,10619,2025-11-24T09:16:03.451621Z,2026-09-07T09:16:03.460021Z
1.0,RESEARCH_PAPER,arXiv (deterministic assessment fixture),https://arxiv.org/,Frontier Study 0288: Agents,"['Researcher 95', 'Researcher 25']",https://arxiv.org/abs/2601.00288,https://github.com/frontieratlas/paper-0288,10656,2025-11-23T09:16:03.451621Z,2026-09-07T09:16:03.460026Z
1.0,RESEARCH_PAPER,arXiv (deterministic assessment fixture),https://arxiv.org/,Frontier Study 0289: Language Models,"['Researcher 96', 'Researcher 26']",https://arxiv.org/abs/2601.00289,https://github.com/frontieratlas/paper-0289,10693,2025-11-22T09:16:03.451621Z,2026-09-07T09:16:03.460032Z
1.0,RESEARCH_PAPER,arXiv (deterministic assessment fixture),https://arxiv.org/,Frontier Study 0290: Multimodal Learning,"['Researcher 97', 'Researcher 27']",https://arxiv.org/abs/2601.00290,https://github.com/frontieratlas/paper-0290,10730,2025-11-21T09:16:03.451621Z,2026-09-07T09:16:03.460038Z
1.0,RESEARCH_PAPER,arXiv (deterministic assessment fixture),https://arxiv.org/,Frontier Study 0291: Robotics,"['Researcher 1', 'Researcher 28']",https://arxiv.org/abs/2601.00291,https://github.com/frontieratlas/paper-0291,10767,2025-11-20T09:16:03.451621Z,2026-09-07T09:16:03.460044Z
1.0,RESEARCH_PAPER,arXiv (deterministic assessment fixture),https://arxiv.org/,Frontier Study 0292: Alignment,"['Researcher 2', 'Researcher 29']",https://arxiv.org/abs/2601.00292,https://github.com/frontieratlas/paper-0292,10804,2025-11-19T09:16:03.451621Z,2026-09-07T09:16:03.460051Z
1.0,RESEARCH_PAPER,arXiv (deterministic assessment fixture),https://arxiv.org/,Frontier Study 0293: Computer Vision,"['Researcher 3', 'Researcher 30']",https://arxiv.org/abs/2601.00293,https://github.com/frontieratlas/paper-0293,10841,2025-11-18T09:16:03.451621Z,2026-09-07T09:16:03.460057Z
1.0,RESEARCH_PAPER,arXiv (deterministic assessment fixture),https://arxiv.org/,Frontier Study 0294: Generative Modeling,"['Researcher 4', 'Researcher 31']",https://arxiv.org/abs/2601.00294,https://github.com/frontieratlas/paper-0294,10878,2025-11-17T09:16:03.451621Z,2026-09-07T09:16:03.460064Z
1.0,RESEARCH_PAPER,arXiv (deterministic assessment fixture),https://arxiv.org/,Frontier Study 0295: Retrieval,"['Researcher 5', 'Researcher 32']",https://arxiv.org/abs/2601.00295,https://github.com/frontieratlas/paper-0295,10915,2025-11-16T09:16:03.451621Z,2026-09-07T09:16:03.460069Z
1.0,RESEARCH_PAPER,arXiv (deterministic assessment fixture),https://arxiv.org/,Frontier Study 0296: Agents,"['Researcher 6', 'Researcher 33']",https://arxiv.org/abs/2601.00296,https://github.com/frontieratlas/paper-0296,10952,2025-11-15T09:16:03.451621Z,2026-09-07T09:16:03.460075Z
1.0,RESEARCH_PAPER,arXiv (deterministic assessment fixture),https://arxiv.org/,Frontier Study 0297: Language Models,"['Researcher 7', 'Researcher 34']",https://arxiv.org/abs/2601.00297,https://github.com/frontieratlas/paper-0297,10989,2025-11-14T09:16:03.451621Z,2026-09-07T09:16:03.460080Z
1.0,RESEARCH_PAPER,arXiv (deterministic assessment fixture),https://arxiv.org/,Frontier Study 0298: Multimodal Learning,"['Researcher 8', 'Researcher 35']",https://arxiv.org/abs/2601.00298,https://github.com/frontieratlas/paper-0298,11026,2025-11-13T09:16:03.451621Z,2026-09-07T09:16:03.460086Z
1.0,RESEARCH_PAPER,arXiv (deterministic assessment fixture),https://arxiv.org/,Frontier Study 0299: Robotics,"['Researcher 9', 'Researcher 36']",https://arxiv.org/abs/2601.00299,https://github.com/frontieratlas/paper-0299,11063,2025-11-12T09:16:03.451621Z,2026-09-07T09:16:03.460093Z
1.0,RESEARCH_PAPER,arXiv (deterministic assessment fixture),https://arxiv.org/,Frontier Study 0300: Alignment,"['Researcher 10', 'Researcher 37']",https://arxiv.org/abs/2601.00300,https://github.com/frontieratlas/paper-0300,11100,2025-11-11T09:16:03.451621Z,2026-09-07T09:16:03.460099Z
1.0,RESEARCH_PAPER,arXiv (deterministic assessment fixture),https://arxiv.org/,Frontier Study 0301: Computer Vision,"['Researcher 11', 'Researcher 38']",https://arxiv.org/abs/2601.00301,https://github.com/frontieratlas/paper-0301,11137,2025-11-10T09:16:03.451621Z,2026-09-07T09:16:03.462602Z
1.0,RESEARCH_PAPER,arXiv (deterministic assessment fixture),https://arxiv.org/,Frontier Study 0302: Generative Modeling,"['Researcher 12', 'Researcher 39']",https://arxiv.org/abs/2601.00302,https://github.com/frontieratlas/paper-0302,11174,2025-11-09T09:16:03.451621Z,2026-09-07T09:16:03.462611Z
1.0,RESEARCH_PAPER,arXiv (deterministic assessment fixture),https://arxiv.org/,Frontier Study 0303: Retrieval,"['Researcher 13', 'Researcher 40']",https://arxiv.org/abs/2601.00303,https://github.com/frontieratlas/paper-0303,11211,2025-11-08T09:16:03.451621Z,2026-09-07T09:16:03.462620Z
1.0,RESEARCH_PAPER,arXiv (deterministic assessment fixture),https://arxiv.org/,Frontier Study 0304: Agents,"['Researcher 14', 'Researcher 41']",https://arxiv.org/abs/2601.00304,https://github.com/frontieratlas/paper-0304,11248,2025-11-07T09:16:03.451621Z,2026-09-07T09:16:03.462626Z
1.0,RESEARCH_PAPER,arXiv (deterministic assessment fixture),https://arxiv.org/,Frontier Study 0305: Language Models,"['Researcher 15', 'Researcher 42']",https://arxiv.org/abs/2601.00305,https://github.com/frontieratlas/paper-0305,11285,2025-11-06T09:16:03.451621Z,2026-09-07T09:16:03.462632Z
1.0,RESEARCH_PAPER,arXiv (deterministic assessment fixture),https://arxiv.org/,Frontier Study 0306: Multimodal Learning,"['Researcher 16', 'Researcher 43']",https://arxiv.org/abs/2601.00306,https://github.com/frontieratlas/paper-0306,11322,2025-11-05T09:16:03.451621Z,2026-09-07T09:16:03.462638Z
1.0,RESEARCH_PAPER,arXiv (deterministic assessment fixture),https://arxiv.org/,Frontier Study 0307: Robotics,"['Researcher 17', 'Researcher 44']",https://arxiv.org/abs/2601.00307,https://github.com/frontieratlas/paper-0307,11359,2025-11-04T09:16:03.451621Z,2026-09-07T09:16:03.462644Z
1.0,RESEARCH_PAPER,arXiv (deterministic assessment fixture),https://arxiv.org/,Frontier Study 0308: Alignment,"['Researcher 18', 'Researcher 45']",https://arxiv.org/abs/2601.00308,https://github.com/frontieratlas/paper-0308,11396,2025-11-03T09:16:03.451621Z,2026-09-07T09:16:03.462651Z
1.0,RESEARCH_PAPER,arXiv (deterministic assessment fixture),https://arxiv.org/,Frontier Study 0309: Computer Vision,"['Researcher 19', 'Researcher 46']",https://arxiv.org/abs/2601.00309,https://github.com/frontieratlas/paper-0309,11433,2025-11-02T09:16:03.451621Z,2026-09-07T09:16:03.462658Z
1.0,RESEARCH_PAPER,arXiv (deterministic assessment fixture),https://arxiv.org/,Frontier Study 0310: Generative Modeling,"['Researcher 20', 'Researcher 47']",https://arxiv.org/abs/2601.00310,https://github.com/frontieratlas/paper-0310,11470,2025-11-01T09:16:03.451621Z,2026-09-07T09:16:03.462664Z
1.0,RESEARCH_PAPER,arXiv (deterministic assessment fixture),https://arxiv.org/,Frontier Study 0311: Retrieval,"['Researcher 21', 'Researcher 48']",https://arxiv.org/abs/2601.00311,https://github.com/frontieratlas/paper-0311,11507,2025-10-31T09:16:03.451621Z,2026-09-07T09:16:03.462670Z
1.0,RESEARCH_PAPER,arXiv (deterministic assessment fixture),https://arxiv.org/,Frontier Study 0312: Agents,"['Researcher 22', 'Researcher 49']",https://arxiv.org/abs/2601.00312,https://github.com/frontieratlas/paper-0312,11544,2025-10-30T09:16:03.451621Z,2026-09-07T09:16:03.462696Z
1.0,RESEARCH_PAPER,arXiv (deterministic assessment fixture),https://arxiv.org/,Frontier Study 0313: Language Models,"['Researcher 23', 'Researcher 50']",https://arxiv.org/abs/2601.00313,https://github.com/frontieratlas/paper-0313,11581,2025-10-29T09:16:03.451621Z,2026-09-07T09:16:03.462708Z
1.0,RESEARCH_PAPER,arXiv (deterministic assessment fixture),https://arxiv.org/,Frontier Study 0314: Multimodal Learning,"['Researcher 24', 'Researcher 51']",https://arxiv.org/abs/2601.00314,https://github.com/frontieratlas/paper-0314,11618,2025-10-28T09:16:03.451621Z,2026-09-07T09:16:03.462716Z
1.0,RESEARCH_PAPER,arXiv (deterministic assessment fixture),https://arxiv.org/,Frontier Study 0315: Robotics,"['Researcher 25', 'Researcher 52']",https://arxiv.org/abs/2601.00315,https://github.com/frontieratlas/paper-0315,11655,2025-10-27T09:16:03.451621Z,2026-09-07T09:16:03.462723Z
1.0,RESEARCH_PAPER,arXiv (deterministic assessment fixture),https://arxiv.org/,Frontier Study 0316: Alignment,"['Researcher 26', 'Researcher 53']",https://arxiv.org/abs/2601.00316,https://github.com/frontieratlas/paper-0316,11692,2025-10-26T09:16:03.451621Z,2026-09-07T09:16:03.462730Z
1.0,RESEARCH_PAPER,arXiv (deterministic assessment fixture),https://arxiv.org/,Frontier Study 0317: Computer Vision,"['Researcher 27', 'Researcher 54']",https://arxiv.org/abs/2601.00317,https://github.com/frontieratlas/paper-0317,11729,2025-10-25T09:16:03.451621Z,2026-09-07T09:16:03.462738Z
1.0,RESEARCH_PAPER,arXiv (deterministic assessment fixture),https://arxiv.org/,Frontier Study 0318: Generative Modeling,"['Researcher 28', 'Researcher 2']",https://arxiv.org/abs/2601.00318,https://github.com/frontieratlas/paper-0318,11766,2025-10-24T09:16:03.451621Z,2026-09-07T09:16:03.462744Z
1.0,RESEARCH_PAPER,arXiv (deterministic assessment fixture),https://arxiv.org/,Frontier Study 0319: Retrieval,"['Researcher 29', 'Researcher 3']",https://arxiv.org/abs/2601.00319,https://github.com/frontieratlas/paper-0319,11803,2025-10-23T09:16:03.451621Z,2026-09-07T09:16:03.462752Z
1.0,RESEARCH_PAPER,arXiv (deterministic assessment fixture),https://arxiv.org/,Frontier Study 0320: Agents,"['Researcher 30', 'Researcher 4']",https://arxiv.org/abs/2601.00320,https://github.com/frontieratlas/paper-0320,11840,2025-10-22T09:16:03.451621Z,2026-09-07T09:16:03.462758Z
1.0,RESEARCH_PAPER,arXiv (deterministic assessment fixture),https://arxiv.org/,Frontier Study 0321: Language Models,"['Researcher 31', 'Researcher 5']",https://arxiv.org/abs/2601.00321,https://github.com/frontieratlas/paper-0321,11877,2025-10-21T09:16:03.451621Z,2026-09-07T09:16:03.462763Z
1.0,RESEARCH_PAPER,arXiv (deterministic assessment fixture),https://arxiv.org/,Frontier Study 0322: Multimodal Learning,"['Researcher 32', 'Researcher 6']",https://arxiv.org/abs/2601.00322,https://github.com/frontieratlas/paper-0322,11914,2025-10-20T09:16:03.451621Z,2026-09-07T09:16:03.462770Z
1.0,RESEARCH_PAPER,arXiv (deterministic assessment fixture),https://arxiv.org/,Frontier Study 0323: Robotics,"['Researcher 33', 'Researcher 7']",https://arxiv.org/abs/2601.00323,https://github.com/frontieratlas/paper-0323,11951,2025-10-19T09:16:03.451621Z,2026-09-07T09:16:03.462776Z
1.0,RESEARCH_PAPER,arXiv (deterministic assessment fixture),https://arxiv.org/,Frontier Study 0324: Alignment,"['Researcher 34', 'Researcher 8']",https://arxiv.org/abs/2601.00324,https://github.com/frontieratlas/paper-0324,11988,2025-10-18T09:16:03.451621Z,2026-09-07T09:16:03.462782Z
1.0,RESEARCH_PAPER,arXiv (deterministic assessment fixture),https://arxiv.org/,Frontier Study 0325: Computer Vision,"['Researcher 35', 'Researcher 9']",https://arxiv.org/abs/2601.00325,https://github.com/frontieratlas/paper-0325,12025,2025-10-17T09:16:03.451621Z,2026-09-07T09:16:03.462789Z
1.0,RESEARCH_PAPER,arXiv (deterministic assessment fixture),https://arxiv.org/,Frontier Study 0326: Generative Modeling,"['Researcher 36', 'Researcher 10']",https://arxiv.org/abs/2601.00326,https://github.com/frontieratlas/paper-0326,12062,2025-10-16T09:16:03.451621Z,2026-09-07T09:16:03.462796Z
1.0,RESEARCH_PAPER,arXiv (deterministic assessment fixture),https://arxiv.org/,Frontier Study 0327: Retrieval,"['Researcher 37', 'Researcher 11']",https://arxiv.org/abs/2601.00327,https://github.com/frontieratlas/paper-0327,12099,2025-10-15T09:16:03.451621Z,2026-09-07T09:16:03.462803Z
1.0,RESEARCH_PAPER,arXiv (deterministic assessment fixture),https://arxiv.org/,Frontier Study 0328: Agents,"['Researcher 38', 'Researcher 12']",https://arxiv.org/abs/2601.00328,https://github.com/frontieratlas/paper-0328,12136,2025-10-14T09:16:03.451621Z,2026-09-07T09:16:03.462809Z
1.0,RESEARCH_PAPER,arXiv (deterministic assessment fixture),https://arxiv.org/,Frontier Study 0329: Language Models,"['Researcher 39', 'Researcher 13']",https://arxiv.org/abs/2601.00329,https://github.com/frontieratlas/paper-0329,12173,2025-10-13T09:16:03.451621Z,2026-09-07T09:16:03.462815Z
1.0,RESEARCH_PAPER,arXiv (deterministic assessment fixture),https://arxiv.org/,Frontier Study 0330: Multimodal Learning,"['Researcher 40', 'Researcher 14']",https://arxiv.org/abs/2601.00330,https://github.com/frontieratlas/paper-0330,12210,2025-10-12T09:16:03.451621Z,2026-09-07T09:16:03.462820Z
1.0,RESEARCH_PAPER,arXiv (deterministic assessment fixture),https://arxiv.org/,Frontier Study 0331: Robotics,"['Researcher 41', 'Researcher 15']",https://arxiv.org/abs/2601.00331,https://github.com/frontieratlas/paper-0331,12247,2025-10-11T09:16:03.451621Z,2026-09-07T09:16:03.462826Z
1.0,RESEARCH_PAPER,arXiv (deterministic assessment fixture),https://arxiv.org/,Frontier Study 0332: Alignment,"['Researcher 42', 'Researcher 16']",https://arxiv.org/abs/2601.00332,https://github.com/frontieratlas/paper-0332,12284,2025-10-10T09:16:03.451621Z,2026-09-07T09:16:03.462834Z
1.0,RESEARCH_PAPER,arXiv (deterministic assessment fixture),https://arxiv.org/,Frontier Study 0333: Computer Vision,"['Researcher 43', 'Researcher 17']",https://arxiv.org/abs/2601.00333,https://github.com/frontieratlas/paper-0333,12321,2025-10-09T09:16:03.451621Z,2026-09-07T09:16:03.462840Z
1.0,RESEARCH_PAPER,arXiv (deterministic assessment fixture),https://arxiv.org/,Frontier Study 0334: Generative Modeling,"['Researcher 44', 'Researcher 18']",https://arxiv.org/abs/2601.00334,https://github.com/frontieratlas/paper-0334,12358,2025-10-08T09:16:03.451621Z,2026-09-07T09:16:03.462846Z
1.0,RESEARCH_PAPER,arXiv (deterministic assessment fixture),https://arxiv.org/,Frontier Study 0335: Retrieval,"['Researcher 45', 'Researcher 19']",https://arxiv.org/abs/2601.00335,https://github.com/frontieratlas/paper-0335,12395,2025-10-07T09:16:03.451621Z,2026-09-07T09:16:03.462854Z
1.0,RESEARCH_PAPER,arXiv (deterministic assessment fixture),https://arxiv.org/,Frontier Study 0336: Agents,"['Researcher 46', 'Researcher 20']",https://arxiv.org/abs/2601.00336,https://github.com/frontieratlas/paper-0336,12432,2025-10-06T09:16:03.451621Z,2026-09-07T09:16:03.462859Z
1.0,RESEARCH_PAPER,arXiv (deterministic assessment fixture),https://arxiv.org/,Frontier Study 0337: Language Models,"['Researcher 47', 'Researcher 21']",https://arxiv.org/abs/2601.00337,https://github.com/frontieratlas/paper-0337,12469,2025-10-05T09:16:03.451621Z,2026-09-07T09:16:03.462865Z
1.0,RESEARCH_PAPER,arXiv (deterministic assessment fixture),https://arxiv.org/,Frontier Study 0338: Multimodal Learning,"['Researcher 48', 'Researcher 22']",https://arxiv.org/abs/2601.00338,https://github.com/frontieratlas/paper-0338,12506,2025-10-04T09:16:03.451621Z,2026-09-07T09:16:03.462871Z
1.0,RESEARCH_PAPER,arXiv (deterministic assessment fixture),https://arxiv.org/,Frontier Study 0339: Robotics,"['Researcher 49', 'Researcher 23']",https://arxiv.org/abs/2601.00339,https://github.com/frontieratlas/paper-0339,12543,2025-10-03T09:16:03.451621Z,2026-09-07T09:16:03.462876Z
1.0,RESEARCH_PAPER,arXiv (deterministic assessment fixture),https://arxiv.org/,Frontier Study 0340: Alignment,"['Researcher 50', 'Researcher 24']",https://arxiv.org/abs/2601.00340,https://github.com/frontieratlas/paper-0340,12580,2025-10-02T09:16:03.451621Z,2026-09-07T09:16:03.462883Z
1.0,RESEARCH_PAPER,arXiv (deterministic assessment fixture),https://arxiv.org/,Frontier Study 0341: Computer Vision,"['Researcher 51', 'Researcher 25']",https://arxiv.org/abs/2601.00341,https://github.com/frontieratlas/paper-0341,12617,2025-10-01T09:16:03.451621Z,2026-09-07T09:16:03.462889Z
1.0,RESEARCH_PAPER,arXiv (deterministic assessment fixture),https://arxiv.org/,Frontier Study 0342: Generative Modeling,"['Researcher 52', 'Researcher 26']",https://arxiv.org/abs/2601.00342,https://github.com/frontieratlas/paper-0342,12654,2025-09-30T09:16:03.451621Z,2026-09-07T09:16:03.462896Z
1.0,RESEARCH_PAPER,arXiv (deterministic assessment fixture),https://arxiv.org/,Frontier Study 0343: Retrieval,"['Researcher 53', 'Researcher 27']",https://arxiv.org/abs/2601.00343,https://github.com/frontieratlas/paper-0343,12691,2025-09-29T09:16:03.451621Z,2026-09-07T09:16:03.462902Z
1.0,RESEARCH_PAPER,arXiv (deterministic assessment fixture),https://arxiv.org/,Frontier Study 0344: Agents,"['Researcher 54', 'Researcher 28']",https://arxiv.org/abs/2601.00344,https://github.com/frontieratlas/paper-0344,12728,2025-09-28T09:16:03.451621Z,2026-09-07T09:16:03.462908Z
1.0,RESEARCH_PAPER,arXiv (deterministic assessment fixture),https://arxiv.org/,Frontier Study 0345: Language Models,"['Researcher 55', 'Researcher 29']",https://arxiv.org/abs/2601.00345,https://github.com/frontieratlas/paper-0345,12765,2025-09-27T09:16:03.451621Z,2026-09-07T09:16:03.462915Z
1.0,RESEARCH_PAPER,arXiv (deterministic assessment fixture),https://arxiv.org/,Frontier Study 0346: Multimodal Learning,"['Researcher 56', 'Researcher 30']",https://arxiv.org/abs/2601.00346,https://github.com/frontieratlas/paper-0346,12802,2025-09-26T09:16:03.451621Z,2026-09-07T09:16:03.462922Z
1.0,RESEARCH_PAPER,arXiv (deterministic assessment fixture),https://arxiv.org/,Frontier Study 0347: Robotics,"['Researcher 57', 'Researcher 31']",https://arxiv.org/abs/2601.00347,https://github.com/frontieratlas/paper-0347,12839,2025-09-25T09:16:03.451621Z,2026-09-07T09:16:03.462928Z
1.0,RESEARCH_PAPER,arXiv (deterministic assessment fixture),https://arxiv.org/,Frontier Study 0348: Alignment,"['Researcher 58', 'Researcher 32']",https://arxiv.org/abs/2601.00348,https://github.com/frontieratlas/paper-0348,12876,2025-09-24T09:16:03.451621Z,2026-09-07T09:16:03.462935Z
1.0,RESEARCH_PAPER,arXiv (deterministic assessment fixture),https://arxiv.org/,Frontier Study 0349: Computer Vision,"['Researcher 59', 'Researcher 33']",https://arxiv.org/abs/2601.00349,https://github.com/frontieratlas/paper-0349,12913,2025-09-23T09:16:03.451621Z,2026-09-07T09:16:03.462940Z
1.0,RESEARCH_PAPER,arXiv (deterministic assessment fixture),https://arxiv.org/,Frontier Study 0350: Generative Modeling,"['Researcher 60', 'Researcher 34']",https://arxiv.org/abs/2601.00350,https://github.com/frontieratlas/paper-0350,12950,2025-09-22T09:16:03.451621Z,2026-09-07T09:16:03.462946Z
1.0,RESEARCH_PAPER,arXiv (deterministic assessment fixture),https://arxiv.org/,Frontier Study 0351: Retrieval,"['Researcher 61', 'Researcher 35']",https://arxiv.org/abs/2601.00351,https://github.com/frontieratlas/paper-0351,12987,2025-09-21T09:16:03.451621Z,2026-09-07T09:16:03.462954Z
1.0,RESEARCH_PAPER,arXiv (deterministic assessment fixture),https://arxiv.org/,Frontier Study 0352: Agents,"['Researcher 62', 'Researcher 36']",https://arxiv.org/abs/2601.00352,https://github.com/frontieratlas/paper-0352,13024,2025-09-20T09:16:03.451621Z,2026-09-07T09:16:03.462962Z
1.0,RESEARCH_PAPER,arXiv (deterministic assessment fixture),https://arxiv.org/,Frontier Study 0353: Language Models,"['Researcher 63', 'Researcher 37']",https://arxiv.org/abs/2601.00353,https://github.com/frontieratlas/paper-0353,13061,2025-09-19T09:16:03.451621Z,2026-09-07T09:16:03.462968Z
1.0,RESEARCH_PAPER,arXiv (deterministic assessment fixture),https://arxiv.org/,Frontier Study 0354: Multimodal Learning,"['Researcher 64', 'Researcher 38']",https://arxiv.org/abs/2601.00354,https://github.com/frontieratlas/paper-0354,13098,2025-09-18T09:16:03.451621Z,2026-09-07T09:16:03.462974Z
1.0,RESEARCH_PAPER,arXiv (deterministic assessment fixture),https://arxiv.org/,Frontier Study 0355: Robotics,"['Researcher 65', 'Researcher 39']",https://arxiv.org/abs/2601.00355,https://github.com/frontieratlas/paper-0355,13135,2025-09-17T09:16:03.451621Z,2026-09-07T09:16:03.462980Z
1.0,RESEARCH_PAPER,arXiv (deterministic assessment fixture),https://arxiv.org/,Frontier Study 0356: Alignment,"['Researcher 66', 'Researcher 40']",https://arxiv.org/abs/2601.00356,https://github.com/frontieratlas/paper-0356,13172,2025-09-16T09:16:03.451621Z,2026-09-07T09:16:03.462987Z
1.0,RESEARCH_PAPER,arXiv (deterministic assessment fixture),https://arxiv.org/,Frontier Study 0357: Computer Vision,"['Researcher 67', 'Researcher 41']",https://arxiv.org/abs/2601.00357,https://github.com/frontieratlas/paper-0357,13209,2025-09-15T09:16:03.451621Z,2026-09-07T09:16:03.462992Z
1.0,RESEARCH_PAPER,arXiv (deterministic assessment fixture),https://arxiv.org/,Frontier Study 0358: Generative Modeling,"['Researcher 68', 'Researcher 42']",https://arxiv.org/abs/2601.00358,https://github.com/frontieratlas/paper-0358,13246,2025-09-14T09:16:03.451621Z,2026-09-07T09:16:03.462998Z
1.0,RESEARCH_PAPER,arXiv (deterministic assessment fixture),https://arxiv.org/,Frontier Study 0359: Retrieval,"['Researcher 69', 'Researcher 43']",https://arxiv.org/abs/2601.00359,https://github.com/frontieratlas/paper-0359,13283,2025-09-13T09:16:03.451621Z,2026-09-07T09:16:03.463003Z
1.0,RESEARCH_PAPER,arXiv (deterministic assessment fixture),https://arxiv.org/,Frontier Study 0360: Agents,"['Researcher 70', 'Researcher 44']",https://arxiv.org/abs/2601.00360,https://github.com/frontieratlas/paper-0360,13320,2025-09-12T09:16:03.451621Z,2026-09-07T09:16:03.463009Z
1.0,RESEARCH_PAPER,arXiv (deterministic assessment fixture),https://arxiv.org/,Frontier Study 0361: Language Models,"['Researcher 71', 'Researcher 45']",https://arxiv.org/abs/2601.00361,https://github.com/frontieratlas/paper-0361,13357,2025-09-11T09:16:03.451621Z,2026-09-07T09:16:03.463015Z
1.0,RESEARCH_PAPER,arXiv (deterministic assessment fixture),https://arxiv.org/,Frontier Study 0362: Multimodal Learning,"['Researcher 72', 'Researcher 46']",https://arxiv.org/abs/2601.00362,https://github.com/frontieratlas/paper-0362,13394,2025-09-10T09:16:03.451621Z,2026-09-07T09:16:03.463022Z
1.0,RESEARCH_PAPER,arXiv (deterministic assessment fixture),https://arxiv.org/,Frontier Study 0363: Robotics,"['Researcher 73', 'Researcher 47']",https://arxiv.org/abs/2601.00363,https://github.com/frontieratlas/paper-0363,13431,2025-09-09T09:16:03.451621Z,2026-09-07T09:16:03.463028Z
1.0,RESEARCH_PAPER,arXiv (deterministic assessment fixture),https://arxiv.org/,Frontier Study 0364: Alignment,"['Researcher 74', 'Researcher 48']",https://arxiv.org/abs/2601.00364,https://github.com/frontieratlas/paper-0364,13468,2025-09-08T09:16:03.451621Z,2026-09-07T09:16:03.463036Z
1.0,RESEARCH_PAPER,arXiv (deterministic assessment fixture),https://arxiv.org/,Frontier Study 0365: Computer Vision,"['Researcher 75', 'Researcher 49']",https://arxiv.org/abs/2601.00365,https://github.com/frontieratlas/paper-0365,13505,2026-09-07T09:16:03.451621Z,2026-09-07T09:16:03.463042Z
1.0,RESEARCH_PAPER,arXiv (deterministic assessment fixture),https://arxiv.org/,Frontier Study 0366: Generative Modeling,"['Researcher 76', 'Researcher 50']",https://arxiv.org/abs/2601.00366,https://github.com/frontieratlas/paper-0366,13542,2026-09-06T09:16:03.451621Z,2026-09-07T09:16:03.463050Z
1.0,RESEARCH_PAPER,arXiv (deterministic assessment fixture),https://arxiv.org/,Frontier Study 0367: Retrieval,"['Researcher 77', 'Researcher 51']",https://arxiv.org/abs/2601.00367,https://github.com/frontieratlas/paper-0367,13579,2026-09-05T09:16:03.451621Z,2026-09-07T09:16:03.463057Z
1.0,RESEARCH_PAPER,arXiv (deterministic assessment fixture),https://arxiv.org/,Frontier Study 0368: Agents,"['Researcher 78', 'Researcher 52']",https://arxiv.org/abs/2601.00368,https://github.com/frontieratlas/paper-0368,13616,2026-09-04T09:16:03.451621Z,2026-09-07T09:16:03.463063Z
1.0,RESEARCH_PAPER,arXiv (deterministic assessment fixture),https://arxiv.org/,Frontier Study 0369: Language Models,"['Researcher 79', 'Researcher 53']",https://arxiv.org/abs/2601.00369,https://github.com/frontieratlas/paper-0369,13653,2026-09-03T09:16:03.451621Z,2026-09-07T09:16:03.463070Z
1.0,RESEARCH_PAPER,arXiv (deterministic assessment fixture),https://arxiv.org/,Frontier Study 0370: Multimodal Learning,"['Researcher 80', 'Researcher 54']",https://arxiv.org/abs/2601.00370,https://github.com/frontieratlas/paper-0370,13690,2026-09-02T09:16:03.451621Z,2026-09-07T09:16:03.463076Z
1.0,RESEARCH_PAPER,arXiv (deterministic assessment fixture),https://arxiv.org/,Frontier Study 0371: Robotics,"['Researcher 81', 'Researcher 2']",https://arxiv.org/abs/2601.00371,https://github.com/frontieratlas/paper-0371,13727,2026-09-01T09:16:03.451621Z,2026-09-07T09:16:03.463084Z
1.0,RESEARCH_PAPER,arXiv (deterministic assessment fixture),https://arxiv.org/,Frontier Study 0372: Alignment,"['Researcher 82', 'Researcher 3']",https://arxiv.org/abs/2601.00372,https://github.com/frontieratlas/paper-0372,13764,2026-08-31T09:16:03.451621Z,2026-09-07T09:16:03.463091Z
1.0,RESEARCH_PAPER,arXiv (deterministic assessment fixture),https://arxiv.org/,Frontier Study 0373: Computer Vision,"['Researcher 83', 'Researcher 4']",https://arxiv.org/abs/2601.00373,https://github.com/frontieratlas/paper-0373,13801,2026-08-30T09:16:03.451621Z,2026-09-07T09:16:03.463097Z
1.0,RESEARCH_PAPER,arXiv (deterministic assessment fixture),https://arxiv.org/,Frontier Study 0374: Generative Modeling,"['Researcher 84', 'Researcher 5']",https://arxiv.org/abs/2601.00374,https://github.com/frontieratlas/paper-0374,13838,2026-08-29T09:16:03.451621Z,2026-09-07T09:16:03.463103Z
1.0,RESEARCH_PAPER,arXiv (deterministic assessment fixture),https://arxiv.org/,Frontier Study 0375: Retrieval,"['Researcher 85', 'Researcher 6']",https://arxiv.org/abs/2601.00375,https://github.com/frontieratlas/paper-0375,13875,2026-08-28T09:16:03.451621Z,2026-09-07T09:16:03.463109Z
1.0,RESEARCH_PAPER,arXiv (deterministic assessment fixture),https://arxiv.org/,Frontier Study 0376: Agents,"['Researcher 86', 'Researcher 7']",https://arxiv.org/abs/2601.00376,https://github.com/frontieratlas/paper-0376,13912,2026-08-27T09:16:03.451621Z,2026-09-07T09:16:03.463114Z
1.0,RESEARCH_PAPER,arXiv (deterministic assessment fixture),https://arxiv.org/,Frontier Study 0377: Language Models,"['Researcher 87', 'Researcher 8']",https://arxiv.org/abs/2601.00377,https://github.com/frontieratlas/paper-0377,13949,2026-08-26T09:16:03.451621Z,2026-09-07T09:16:03.463120Z
1.0,RESEARCH_PAPER,arXiv (deterministic assessment fixture),https://arxiv.org/,Frontier Study 0378: Multimodal Learning,"['Researcher 88', 'Researcher 9']",https://arxiv.org/abs/2601.00378,https://github.com/frontieratlas/paper-0378,13986,2026-08-25T09:16:03.451621Z,2026-09-07T09:16:03.463125Z
1.0,RESEARCH_PAPER,arXiv (deterministic assessment fixture),https://arxiv.org/,Frontier Study 0379: Robotics,"['Researcher 89', 'Researcher 10']",https://arxiv.org/abs/2601.00379,https://github.com/frontieratlas/paper-0379,14023,2026-08-24T09:16:03.451621Z,2026-09-07T09:16:03.463132Z
1.0,RESEARCH_PAPER,arXiv (deterministic assessment fixture),https://arxiv.org/,Frontier Study 0380: Alignment,"['Researcher 90', 'Researcher 11']",https://arxiv.org/abs/2601.00380,https://github.com/frontieratlas/paper-0380,14060,2026-08-23T09:16:03.451621Z,2026-09-07T09:16:03.463139Z
1.0,RESEARCH_PAPER,arXiv (deterministic assessment fixture),https://arxiv.org/,Frontier Study 0381: Computer Vision,"['Researcher 91', 'Researcher 12']",https://arxiv.org/abs/2601.00381,https://github.com/frontieratlas/paper-0381,14097,2026-08-22T09:16:03.451621Z,2026-09-07T09:16:03.463145Z
1.0,RESEARCH_PAPER,arXiv (deterministic assessment fixture),https://arxiv.org/,Frontier Study 0382: Generative Modeling,"['Researcher 92', 'Researcher 13']",https://arxiv.org/abs/2601.00382,https://github.com/frontieratlas/paper-0382,14134,2026-08-21T09:16:03.451621Z,2026-09-07T09:16:03.463155Z
1.0,RESEARCH_PAPER,arXiv (deterministic assessment fixture),https://arxiv.org/,Frontier Study 0383: Retrieval,"['Researcher 93', 'Researcher 14']",https://arxiv.org/abs/2601.00383,https://github.com/frontieratlas/paper-0383,14171,2026-08-20T09:16:03.451621Z,2026-09-07T09:16:03.463160Z
1.0,RESEARCH_PAPER,arXiv (deterministic assessment fixture),https://arxiv.org/,Frontier Study 0384: Agents,"['Researcher 94', 'Researcher 15']",https://arxiv.org/abs/2601.00384,https://github.com/frontieratlas/paper-0384,14208,2026-08-19T09:16:03.451621Z,2026-09-07T09:16:03.463166Z
1.0,RESEARCH_PAPER,arXiv (deterministic assessment fixture),https://arxiv.org/,Frontier Study 0385: Language Models,"['Researcher 95', 'Researcher 16']",https://arxiv.org/abs/2601.00385,https://github.com/frontieratlas/paper-0385,14245,2026-08-18T09:16:03.451621Z,2026-09-07T09:16:03.463172Z
1.0,RESEARCH_PAPER,arXiv (deterministic assessment fixture),https://arxiv.org/,Frontier Study 0386: Multimodal Learning,"['Researcher 96', 'Researcher 17']",https://arxiv.org/abs/2601.00386,https://github.com/frontieratlas/paper-0386,14282,2026-08-17T09:16:03.451621Z,2026-09-07T09:16:03.463177Z
1.0,RESEARCH_PAPER,arXiv (deterministic assessment fixture),https://arxiv.org/,Frontier Study 0387: Robotics,"['Researcher 97', 'Researcher 18']",https://arxiv.org/abs/2601.00387,https://github.com/frontieratlas/paper-0387,14319,2026-08-16T09:16:03.451621Z,2026-09-07T09:16:03.463184Z
1.0,RESEARCH_PAPER,arXiv (deterministic assessment fixture),https://arxiv.org/,Frontier Study 0388: Alignment,"['Researcher 1', 'Researcher 19']",https://arxiv.org/abs/2601.00388,https://github.com/frontieratlas/paper-0388,14356,2026-08-15T09:16:03.451621Z,2026-09-07T09:16:03.463190Z
1.0,RESEARCH_PAPER,arXiv (deterministic assessment fixture),https://arxiv.org/,Frontier Study 0389: Computer Vision,"['Researcher 2', 'Researcher 20']",https://arxiv.org/abs/2601.00389,https://github.com/frontieratlas/paper-0389,14393,2026-08-14T09:16:03.451621Z,2026-09-07T09:16:03.463197Z
1.0,RESEARCH_PAPER,arXiv (deterministic assessment fixture),https://arxiv.org/,Frontier Study 0390: Generative Modeling,"['Researcher 3', 'Researcher 21']",https://arxiv.org/abs/2601.00390,https://github.com/frontieratlas/paper-0390,14430,2026-08-13T09:16:03.451621Z,2026-09-07T09:16:03.463202Z
1.0,RESEARCH_PAPER,arXiv (deterministic assessment fixture),https://arxiv.org/,Frontier Study 0391: Retrieval,"['Researcher 4', 'Researcher 22']",https://arxiv.org/abs/2601.00391,https://github.com/frontieratlas/paper-0391,14467,2026-08-12T09:16:03.451621Z,2026-09-07T09:16:03.463208Z
1.0,RESEARCH_PAPER,arXiv (deterministic assessment fixture),https://arxiv.org/,Frontier Study 0392: Agents,"['Researcher 5', 'Researcher 23']",https://arxiv.org/abs/2601.00392,https://github.com/frontieratlas/paper-0392,14504,2026-08-11T09:16:03.451621Z,2026-09-07T09:16:03.463215Z
1.0,RESEARCH_PAPER,arXiv (deterministic assessment fixture),https://arxiv.org/,Frontier Study 0393: Language Models,"['Researcher 6', 'Researcher 24']",https://arxiv.org/abs/2601.00393,https://github.com/frontieratlas/paper-0393,14541,2026-08-10T09:16:03.451621Z,2026-09-07T09:16:03.463221Z
1.0,RESEARCH_PAPER,arXiv (deterministic assessment fixture),https://arxiv.org/,Frontier Study 0394: Multimodal Learning,"['Researcher 7', 'Researcher 25']",https://arxiv.org/abs/2601.00394,https://github.com/frontieratlas/paper-0394,14578,2026-08-09T09:16:03.451621Z,2026-09-07T09:16:03.463228Z
1.0,RESEARCH_PAPER,arXiv (deterministic assessment fixture),https://arxiv.org/,Frontier Study 0395: Robotics,"['Researcher 8', 'Researcher 26']",https://arxiv.org/abs/2601.00395,https://github.com/frontieratlas/paper-0395,14615,2026-08-08T09:16:03.451621Z,2026-09-07T09:16:03.463233Z
1.0,RESEARCH_PAPER,arXiv (deterministic assessment fixture),https://arxiv.org/,Frontier Study 0396: Alignment,"['Researcher 9', 'Researcher 27']",https://arxiv.org/abs/2601.00396,https://github.com/frontieratlas/paper-0396,14652,2026-08-07T09:16:03.451621Z,2026-09-07T09:16:03.463239Z
1.0,RESEARCH_PAPER,arXiv (deterministic assessment fixture),https://arxiv.org/,Frontier Study 0397: Computer Vision,"['Researcher 10', 'Researcher 28']",https://arxiv.org/abs/2601.00397,https://github.com/frontieratlas/paper-0397,14689,2026-08-06T09:16:03.451621Z,2026-09-07T09:16:03.463244Z
1.0,RESEARCH_PAPER,arXiv (deterministic assessment fixture),https://arxiv.org/,Frontier Study 0398: Generative Modeling,"['Researcher 11', 'Researcher 29']",https://arxiv.org/abs/2601.00398,https://github.com/frontieratlas/paper-0398,14726,2026-08-05T09:16:03.451621Z,2026-09-07T09:16:03.463251Z
1.0,RESEARCH_PAPER,arXiv (deterministic assessment fixture),https://arxiv.org/,Frontier Study 0399: Retrieval,"['Researcher 12', 'Researcher 30']",https://arxiv.org/abs/2601.00399,https://github.com/frontieratlas/paper-0399,14763,2026-08-04T09:16:03.451621Z,2026-09-07T09:16:03.463257Z
1.0,RESEARCH_PAPER,arXiv (deterministic assessment fixture),https://arxiv.org/,Frontier Study 0400: Agents,"['Researcher 13', 'Researcher 31']",https://arxiv.org/abs/2601.00400,https://github.com/frontieratlas/paper-0400,14800,2026-08-03T09:16:03.451621Z,2026-09-07T09:16:03.463263Z
1.0,RESEARCH_PAPER,arXiv (deterministic assessment fixture),https://arxiv.org/,Frontier Study 0401: Language Models,"['Researcher 14', 'Researcher 32']",https://arxiv.org/abs/2601.00401,https://github.com/frontieratlas/paper-0401,14837,2026-08-02T09:16:03.451621Z,2026-09-07T09:16:03.466789Z
1.0,RESEARCH_PAPER,arXiv (deterministic assessment fixture),https://arxiv.org/,Frontier Study 0402: Multimodal Learning,"['Researcher 15', 'Researcher 33']",https://arxiv.org/abs/2601.00402,https://github.com/frontieratlas/paper-0402,14874,2026-08-01T09:16:03.451621Z,2026-09-07T09:16:03.466800Z
1.0,RESEARCH_PAPER,arXiv (deterministic assessment fixture),https://arxiv.org/,Frontier Study 0403: Robotics,"['Researcher 16', 'Researcher 34']",https://arxiv.org/abs/2601.00403,https://github.com/frontieratlas/paper-0403,14911,2026-07-31T09:16:03.451621Z,2026-09-07T09:16:03.466809Z
1.0,RESEARCH_PAPER,arXiv (deterministic assessment fixture),https://arxiv.org/,Frontier Study 0404: Alignment,"['Researcher 17', 'Researcher 35']",https://arxiv.org/abs/2601.00404,https://github.com/frontieratlas/paper-0404,14948,2026-07-30T09:16:03.451621Z,2026-09-07T09:16:03.466816Z
1.0,RESEARCH_PAPER,arXiv (deterministic assessment fixture),https://arxiv.org/,Frontier Study 0405: Computer Vision,"['Researcher 18', 'Researcher 36']",https://arxiv.org/abs/2601.00405,https://github.com/frontieratlas/paper-0405,14985,2026-07-29T09:16:03.451621Z,2026-09-07T09:16:03.466824Z
1.0,RESEARCH_PAPER,arXiv (deterministic assessment fixture),https://arxiv.org/,Frontier Study 0406: Generative Modeling,"['Researcher 19', 'Researcher 37']",https://arxiv.org/abs/2601.00406,https://github.com/frontieratlas/paper-0406,15022,2026-07-28T09:16:03.451621Z,2026-09-07T09:16:03.466830Z
1.0,RESEARCH_PAPER,arXiv (deterministic assessment fixture),https://arxiv.org/,Frontier Study 0407: Retrieval,"['Researcher 20', 'Researcher 38']",https://arxiv.org/abs/2601.00407,https://github.com/frontieratlas/paper-0407,15059,2026-07-27T09:16:03.451621Z,2026-09-07T09:16:03.466839Z
1.0,RESEARCH_PAPER,arXiv (deterministic assessment fixture),https://arxiv.org/,Frontier Study 0408: Agents,"['Researcher 21', 'Researcher 39']",https://arxiv.org/abs/2601.00408,https://github.com/frontieratlas/paper-0408,15096,2026-07-26T09:16:03.451621Z,2026-09-07T09:16:03.466845Z
1.0,RESEARCH_PAPER,arXiv (deterministic assessment fixture),https://arxiv.org/,Frontier Study 0409: Language Models,"['Researcher 22', 'Researcher 40']",https://arxiv.org/abs/2601.00409,https://github.com/frontieratlas/paper-0409,15133,2026-07-25T09:16:03.451621Z,2026-09-07T09:16:03.466851Z
1.0,RESEARCH_PAPER,arXiv (deterministic assessment fixture),https://arxiv.org/,Frontier Study 0410: Multimodal Learning,"['Researcher 23', 'Researcher 41']",https://arxiv.org/abs/2601.00410,https://github.com/frontieratlas/paper-0410,15170,2026-07-24T09:16:03.451621Z,2026-09-07T09:16:03.466857Z
1.0,RESEARCH_PAPER,arXiv (deterministic assessment fixture),https://arxiv.org/,Frontier Study 0411: Robotics,"['Researcher 24', 'Researcher 42']",https://arxiv.org/abs/2601.00411,https://github.com/frontieratlas/paper-0411,15207,2026-07-23T09:16:03.451621Z,2026-09-07T09:16:03.466862Z
1.0,RESEARCH_PAPER,arXiv (deterministic assessment fixture),https://arxiv.org/,Frontier Study 0412: Alignment,"['Researcher 25', 'Researcher 43']",https://arxiv.org/abs/2601.00412,https://github.com/frontieratlas/paper-0412,15244,2026-07-22T09:16:03.451621Z,2026-09-07T09:16:03.466871Z
1.0,RESEARCH_PAPER,arXiv (deterministic assessment fixture),https://arxiv.org/,Frontier Study 0413: Computer Vision,"['Researcher 26', 'Researcher 44']",https://arxiv.org/abs/2601.00413,https://github.com/frontieratlas/paper-0413,15281,2026-07-21T09:16:03.451621Z,2026-09-07T09:16:03.466877Z
1.0,RESEARCH_PAPER,arXiv (deterministic assessment fixture),https://arxiv.org/,Frontier Study 0414: Generative Modeling,"['Researcher 27', 'Researcher 45']",https://arxiv.org/abs/2601.00414,https://github.com/frontieratlas/paper-0414,15318,2026-07-20T09:16:03.451621Z,2026-09-07T09:16:03.466882Z
1.0,RESEARCH_PAPER,arXiv (deterministic assessment fixture),https://arxiv.org/,Frontier Study 0415: Retrieval,"['Researcher 28', 'Researcher 46']",https://arxiv.org/abs/2601.00415,https://github.com/frontieratlas/paper-0415,15355,2026-07-19T09:16:03.451621Z,2026-09-07T09:16:03.466888Z
1.0,RESEARCH_PAPER,arXiv (deterministic assessment fixture),https://arxiv.org/,Frontier Study 0416: Agents,"['Researcher 29', 'Researcher 47']",https://arxiv.org/abs/2601.00416,https://github.com/frontieratlas/paper-0416,15392,2026-07-18T09:16:03.451621Z,2026-09-07T09:16:03.466894Z
1.0,RESEARCH_PAPER,arXiv (deterministic assessment fixture),https://arxiv.org/,Frontier Study 0417: Language Models,"['Researcher 30', 'Researcher 48']",https://arxiv.org/abs/2601.00417,https://github.com/frontieratlas/paper-0417,15429,2026-07-17T09:16:03.451621Z,2026-09-07T09:16:03.466899Z
1.0,RESEARCH_PAPER,arXiv (deterministic assessment fixture),https://arxiv.org/,Frontier Study 0418: Multimodal Learning,"['Researcher 31', 'Researcher 49']",https://arxiv.org/abs/2601.00418,https://github.com/frontieratlas/paper-0418,15466,2026-07-16T09:16:03.451621Z,2026-09-07T09:16:03.466905Z
1.0,RESEARCH_PAPER,arXiv (deterministic assessment fixture),https://arxiv.org/,Frontier Study 0419: Robotics,"['Researcher 32', 'Researcher 50']",https://arxiv.org/abs/2601.00419,https://github.com/frontieratlas/paper-0419,15503,2026-07-15T09:16:03.451621Z,2026-09-07T09:16:03.466910Z
1.0,RESEARCH_PAPER,arXiv (deterministic assessment fixture),https://arxiv.org/,Frontier Study 0420: Alignment,"['Researcher 33', 'Researcher 51']",https://arxiv.org/abs/2601.00420,https://github.com/frontieratlas/paper-0420,15540,2026-07-14T09:16:03.451621Z,2026-09-07T09:16:03.466917Z
1.0,RESEARCH_PAPER,arXiv (deterministic assessment fixture),https://arxiv.org/,Frontier Study 0421: Computer Vision,"['Researcher 34', 'Researcher 52']",https://arxiv.org/abs/2601.00421,https://github.com/frontieratlas/paper-0421,15577,2026-07-13T09:16:03.451621Z,2026-09-07T09:16:03.466926Z
1.0,RESEARCH_PAPER,arXiv (deterministic assessment fixture),https://arxiv.org/,Frontier Study 0422: Generative Modeling,"['Researcher 35', 'Researcher 53']",https://arxiv.org/abs/2601.00422,https://github.com/frontieratlas/paper-0422,15614,2026-07-12T09:16:03.451621Z,2026-09-07T09:16:03.466933Z
1.0,RESEARCH_PAPER,arXiv (deterministic assessment fixture),https://arxiv.org/,Frontier Study 0423: Retrieval,"['Researcher 36', 'Researcher 54']",https://arxiv.org/abs/2601.00423,https://github.com/frontieratlas/paper-0423,15651,2026-07-11T09:16:03.451621Z,2026-09-07T09:16:03.466941Z
1.0,RESEARCH_PAPER,arXiv (deterministic assessment fixture),https://arxiv.org/,Frontier Study 0424: Agents,"['Researcher 37', 'Researcher 2']",https://arxiv.org/abs/2601.00424,https://github.com/frontieratlas/paper-0424,15688,2026-07-10T09:16:03.451621Z,2026-09-07T09:16:03.466947Z
1.0,RESEARCH_PAPER,arXiv (deterministic assessment fixture),https://arxiv.org/,Frontier Study 0425: Language Models,"['Researcher 38', 'Researcher 3']",https://arxiv.org/abs/2601.00425,https://github.com/frontieratlas/paper-0425,15725,2026-07-09T09:16:03.451621Z,2026-09-07T09:16:03.466953Z
1.0,RESEARCH_PAPER,arXiv (deterministic assessment fixture),https://arxiv.org/,Frontier Study 0426: Multimodal Learning,"['Researcher 39', 'Researcher 4']",https://arxiv.org/abs/2601.00426,https://github.com/frontieratlas/paper-0426,15762,2026-07-08T09:16:03.451621Z,2026-09-07T09:16:03.466959Z
1.0,RESEARCH_PAPER,arXiv (deterministic assessment fixture),https://arxiv.org/,Frontier Study 0427: Robotics,"['Researcher 40', 'Researcher 5']",https://arxiv.org/abs/2601.00427,https://github.com/frontieratlas/paper-0427,15799,2026-07-07T09:16:03.451621Z,2026-09-07T09:16:03.466964Z
1.0,RESEARCH_PAPER,arXiv (deterministic assessment fixture),https://arxiv.org/,Frontier Study 0428: Alignment,"['Researcher 41', 'Researcher 6']",https://arxiv.org/abs/2601.00428,https://github.com/frontieratlas/paper-0428,15836,2026-07-06T09:16:03.451621Z,2026-09-07T09:16:03.466979Z
1.0,RESEARCH_PAPER,arXiv (deterministic assessment fixture),https://arxiv.org/,Frontier Study 0429: Computer Vision,"['Researcher 42', 'Researcher 7']",https://arxiv.org/abs/2601.00429,https://github.com/frontieratlas/paper-0429,15873,2026-07-05T09:16:03.451621Z,2026-09-07T09:16:03.466985Z
1.0,RESEARCH_PAPER,arXiv (deterministic assessment fixture),https://arxiv.org/,Frontier Study 0430: Generative Modeling,"['Researcher 43', 'Researcher 8']",https://arxiv.org/abs/2601.00430,https://github.com/frontieratlas/paper-0430,15910,2026-07-04T09:16:03.451621Z,2026-09-07T09:16:03.466991Z
1.0,RESEARCH_PAPER,arXiv (deterministic assessment fixture),https://arxiv.org/,Frontier Study 0431: Retrieval,"['Researcher 44', 'Researcher 9']",https://arxiv.org/abs/2601.00431,https://github.com/frontieratlas/paper-0431,15947,2026-07-03T09:16:03.451621Z,2026-09-07T09:16:03.466996Z
1.0,RESEARCH_PAPER,arXiv (deterministic assessment fixture),https://arxiv.org/,Frontier Study 0432: Agents,"['Researcher 45', 'Researcher 10']",https://arxiv.org/abs/2601.00432,https://github.com/frontieratlas/paper-0432,15984,2026-07-02T09:16:03.451621Z,2026-09-07T09:16:03.467004Z
1.0,RESEARCH_PAPER,arXiv (deterministic assessment fixture),https://arxiv.org/,Frontier Study 0433: Language Models,"['Researcher 46', 'Researcher 11']",https://arxiv.org/abs/2601.00433,https://github.com/frontieratlas/paper-0433,16021,2026-07-01T09:16:03.451621Z,2026-09-07T09:16:03.467009Z
1.0,RESEARCH_PAPER,arXiv (deterministic assessment fixture),https://arxiv.org/,Frontier Study 0434: Multimodal Learning,"['Researcher 47', 'Researcher 12']",https://arxiv.org/abs/2601.00434,https://github.com/frontieratlas/paper-0434,16058,2026-06-30T09:16:03.451621Z,2026-09-07T09:16:03.467015Z
1.0,RESEARCH_PAPER,arXiv (deterministic assessment fixture),https://arxiv.org/,Frontier Study 0435: Robotics,"['Researcher 48', 'Researcher 13']",https://arxiv.org/abs/2601.00435,https://github.com/frontieratlas/paper-0435,16095,2026-06-29T09:16:03.451621Z,2026-09-07T09:16:03.467022Z
1.0,RESEARCH_PAPER,arXiv (deterministic assessment fixture),https://arxiv.org/,Frontier Study 0436: Alignment,"['Researcher 49', 'Researcher 14']",https://arxiv.org/abs/2601.00436,https://github.com/frontieratlas/paper-0436,16132,2026-06-28T09:16:03.451621Z,2026-09-07T09:16:03.467028Z
1.0,RESEARCH_PAPER,arXiv (deterministic assessment fixture),https://arxiv.org/,Frontier Study 0437: Computer Vision,"['Researcher 50', 'Researcher 15']",https://arxiv.org/abs/2601.00437,https://github.com/frontieratlas/paper-0437,16169,2026-06-27T09:16:03.451621Z,2026-09-07T09:16:03.467034Z
1.0,RESEARCH_PAPER,arXiv (deterministic assessment fixture),https://arxiv.org/,Frontier Study 0438: Generative Modeling,"['Researcher 51', 'Researcher 16']",https://arxiv.org/abs/2601.00438,https://github.com/frontieratlas/paper-0438,16206,2026-06-26T09:16:03.451621Z,2026-09-07T09:16:03.467039Z
1.0,RESEARCH_PAPER,arXiv (deterministic assessment fixture),https://arxiv.org/,Frontier Study 0439: Retrieval,"['Researcher 52', 'Researcher 17']",https://arxiv.org/abs/2601.00439,https://github.com/frontieratlas/paper-0439,16243,2026-06-25T09:16:03.451621Z,2026-09-07T09:16:03.467048Z
1.0,RESEARCH_PAPER,arXiv (deterministic assessment fixture),https://arxiv.org/,Frontier Study 0440: Agents,"['Researcher 53', 'Researcher 18']",https://arxiv.org/abs/2601.00440,https://github.com/frontieratlas/paper-0440,16280,2026-06-24T09:16:03.451621Z,2026-09-07T09:16:03.467053Z
1.0,RESEARCH_PAPER,arXiv (deterministic assessment fixture),https://arxiv.org/,Frontier Study 0441: Language Models,"['Researcher 54', 'Researcher 19']",https://arxiv.org/abs/2601.00441,https://github.com/frontieratlas/paper-0441,16317,2026-06-23T09:16:03.451621Z,2026-09-07T09:16:03.467059Z
1.0,RESEARCH_PAPER,arXiv (deterministic assessment fixture),https://arxiv.org/,Frontier Study 0442: Multimodal Learning,"['Researcher 55', 'Researcher 20']",https://arxiv.org/abs/2601.00442,https://github.com/frontieratlas/paper-0442,16354,2026-06-22T09:16:03.451621Z,2026-09-07T09:16:03.467069Z
1.0,RESEARCH_PAPER,arXiv (deterministic assessment fixture),https://arxiv.org/,Frontier Study 0443: Robotics,"['Researcher 56', 'Researcher 21']",https://arxiv.org/abs/2601.00443,https://github.com/frontieratlas/paper-0443,16391,2026-06-21T09:16:03.451621Z,2026-09-07T09:16:03.467075Z
1.0,RESEARCH_PAPER,arXiv (deterministic assessment fixture),https://arxiv.org/,Frontier Study 0444: Alignment,"['Researcher 57', 'Researcher 22']",https://arxiv.org/abs/2601.00444,https://github.com/frontieratlas/paper-0444,16428,2026-06-20T09:16:03.451621Z,2026-09-07T09:16:03.467081Z
1.0,RESEARCH_PAPER,arXiv (deterministic assessment fixture),https://arxiv.org/,Frontier Study 0445: Computer Vision,"['Researcher 58', 'Researcher 23']",https://arxiv.org/abs/2601.00445,https://github.com/frontieratlas/paper-0445,16465,2026-06-19T09:16:03.451621Z,2026-09-07T09:16:03.467087Z
1.0,RESEARCH_PAPER,arXiv (deterministic assessment fixture),https://arxiv.org/,Frontier Study 0446: Generative Modeling,"['Researcher 59', 'Researcher 24']",https://arxiv.org/abs/2601.00446,https://github.com/frontieratlas/paper-0446,16502,2026-06-18T09:16:03.451621Z,2026-09-07T09:16:03.467092Z
1.0,RESEARCH_PAPER,arXiv (deterministic assessment fixture),https://arxiv.org/,Frontier Study 0447: Retrieval,"['Researcher 60', 'Researcher 25']",https://arxiv.org/abs/2601.00447,https://github.com/frontieratlas/paper-0447,16539,2026-06-17T09:16:03.451621Z,2026-09-07T09:16:03.467098Z
1.0,RESEARCH_PAPER,arXiv (deterministic assessment fixture),https://arxiv.org/,Frontier Study 0448: Agents,"['Researcher 61', 'Researcher 26']",https://arxiv.org/abs/2601.00448,https://github.com/frontieratlas/paper-0448,16576,2026-06-16T09:16:03.451621Z,2026-09-07T09:16:03.467103Z
1.0,RESEARCH_PAPER,arXiv (deterministic assessment fixture),https://arxiv.org/,Frontier Study 0449: Language Models,"['Researcher 62', 'Researcher 27']",https://arxiv.org/abs/2601.00449,https://github.com/frontieratlas/paper-0449,16613,2026-06-15T09:16:03.451621Z,2026-09-07T09:16:03.467109Z
1.0,RESEARCH_PAPER,arXiv (deterministic assessment fixture),https://arxiv.org/,Frontier Study 0450: Multimodal Learning,"['Researcher 63', 'Researcher 28']",https://arxiv.org/abs/2601.00450,https://github.com/frontieratlas/paper-0450,16650,2026-06-14T09:16:03.451621Z,2026-09-07T09:16:03.467115Z
1.0,RESEARCH_PAPER,arXiv (deterministic assessment fixture),https://arxiv.org/,Frontier Study 0451: Robotics,"['Researcher 64', 'Researcher 29']",https://arxiv.org/abs/2601.00451,https://github.com/frontieratlas/paper-0451,16687,2026-06-13T09:16:03.451621Z,2026-09-07T09:16:03.467122Z
1.0,RESEARCH_PAPER,arXiv (deterministic assessment fixture),https://arxiv.org/,Frontier Study 0452: Alignment,"['Researcher 65', 'Researcher 30']",https://arxiv.org/abs/2601.00452,https://github.com/frontieratlas/paper-0452,16724,2026-06-12T09:16:03.451621Z,2026-09-07T09:16:03.467131Z
1.0,RESEARCH_PAPER,arXiv (deterministic assessment fixture),https://arxiv.org/,Frontier Study 0453: Computer Vision,"['Researcher 66', 'Researcher 31']",https://arxiv.org/abs/2601.00453,https://github.com/frontieratlas/paper-0453,16761,2026-06-11T09:16:03.451621Z,2026-09-07T09:16:03.467137Z
1.0,RESEARCH_PAPER,arXiv (deterministic assessment fixture),https://arxiv.org/,Frontier Study 0454: Generative Modeling,"['Researcher 67', 'Researcher 32']",https://arxiv.org/abs/2601.00454,https://github.com/frontieratlas/paper-0454,16798,2026-06-10T09:16:03.451621Z,2026-09-07T09:16:03.467143Z
1.0,RESEARCH_PAPER,arXiv (deterministic assessment fixture),https://arxiv.org/,Frontier Study 0455: Retrieval,"['Researcher 68', 'Researcher 33']",https://arxiv.org/abs/2601.00455,https://github.com/frontieratlas/paper-0455,16835,2026-06-09T09:16:03.451621Z,2026-09-07T09:16:03.467150Z
1.0,RESEARCH_PAPER,arXiv (deterministic assessment fixture),https://arxiv.org/,Frontier Study 0456: Agents,"['Researcher 69', 'Researcher 34']",https://arxiv.org/abs/2601.00456,https://github.com/frontieratlas/paper-0456,16872,2026-06-08T09:16:03.451621Z,2026-09-07T09:16:03.467156Z
1.0,RESEARCH_PAPER,arXiv (deterministic assessment fixture),https://arxiv.org/,Frontier Study 0457: Language Models,"['Researcher 70', 'Researcher 35']",https://arxiv.org/abs/2601.00457,https://github.com/frontieratlas/paper-0457,16909,2026-06-07T09:16:03.451621Z,2026-09-07T09:16:03.467163Z
1.0,RESEARCH_PAPER,arXiv (deterministic assessment fixture),https://arxiv.org/,Frontier Study 0458: Multimodal Learning,"['Researcher 71', 'Researcher 36']",https://arxiv.org/abs/2601.00458,https://github.com/frontieratlas/paper-0458,16946,2026-06-06T09:16:03.451621Z,2026-09-07T09:16:03.467169Z
1.0,RESEARCH_PAPER,arXiv (deterministic assessment fixture),https://arxiv.org/,Frontier Study 0459: Robotics,"['Researcher 72', 'Researcher 37']",https://arxiv.org/abs/2601.00459,https://github.com/frontieratlas/paper-0459,16983,2026-06-05T09:16:03.451621Z,2026-09-07T09:16:03.467177Z
1.0,RESEARCH_PAPER,arXiv (deterministic assessment fixture),https://arxiv.org/,Frontier Study 0460: Alignment,"['Researcher 73', 'Researcher 38']",https://arxiv.org/abs/2601.00460,https://github.com/frontieratlas/paper-0460,17020,2026-06-04T09:16:03.451621Z,2026-09-07T09:16:03.467183Z
1.0,RESEARCH_PAPER,arXiv (deterministic assessment fixture),https://arxiv.org/,Frontier Study 0461: Computer Vision,"['Researcher 74', 'Researcher 39']",https://arxiv.org/abs/2601.00461,https://github.com/frontieratlas/paper-0461,17057,2026-06-03T09:16:03.451621Z,2026-09-07T09:16:03.467189Z
1.0,RESEARCH_PAPER,arXiv (deterministic assessment fixture),https://arxiv.org/,Frontier Study 0462: Generative Modeling,"['Researcher 75', 'Researcher 40']",https://arxiv.org/abs/2601.00462,https://github.com/frontieratlas/paper-0462,17094,2026-06-02T09:16:03.451621Z,2026-09-07T09:16:03.467197Z
1.0,RESEARCH_PAPER,arXiv (deterministic assessment fixture),https://arxiv.org/,Frontier Study 0463: Retrieval,"['Researcher 76', 'Researcher 41']",https://arxiv.org/abs/2601.00463,https://github.com/frontieratlas/paper-0463,17131,2026-06-01T09:16:03.451621Z,2026-09-07T09:16:03.467202Z
1.0,RESEARCH_PAPER,arXiv (deterministic assessment fixture),https://arxiv.org/,Frontier Study 0464: Agents,"['Researcher 77', 'Researcher 42']",https://arxiv.org/abs/2601.00464,https://github.com/frontieratlas/paper-0464,17168,2026-05-31T09:16:03.451621Z,2026-09-07T09:16:03.467208Z
1.0,RESEARCH_PAPER,arXiv (deterministic assessment fixture),https://arxiv.org/,Frontier Study 0465: Language Models,"['Researcher 78', 'Researcher 43']",https://arxiv.org/abs/2601.00465,https://github.com/frontieratlas/paper-0465,17205,2026-05-30T09:16:03.451621Z,2026-09-07T09:16:03.467213Z
1.0,RESEARCH_PAPER,arXiv (deterministic assessment fixture),https://arxiv.org/,Frontier Study 0466: Multimodal Learning,"['Researcher 79', 'Researcher 44']",https://arxiv.org/abs/2601.00466,https://github.com/frontieratlas/paper-0466,17242,2026-05-29T09:16:03.451621Z,2026-09-07T09:16:03.467220Z
1.0,RESEARCH_PAPER,arXiv (deterministic assessment fixture),https://arxiv.org/,Frontier Study 0467: Robotics,"['Researcher 80', 'Researcher 45']",https://arxiv.org/abs/2601.00467,https://github.com/frontieratlas/paper-0467,17279,2026-05-28T09:16:03.451621Z,2026-09-07T09:16:03.467226Z
1.0,RESEARCH_PAPER,arXiv (deterministic assessment fixture),https://arxiv.org/,Frontier Study 0468: Alignment,"['Researcher 81', 'Researcher 46']",https://arxiv.org/abs/2601.00468,https://github.com/frontieratlas/paper-0468,17316,2026-05-27T09:16:03.451621Z,2026-09-07T09:16:03.467231Z
1.0,RESEARCH_PAPER,arXiv (deterministic assessment fixture),https://arxiv.org/,Frontier Study 0469: Computer Vision,"['Researcher 82', 'Researcher 47']",https://arxiv.org/abs/2601.00469,https://github.com/frontieratlas/paper-0469,17353,2026-05-26T09:16:03.451621Z,2026-09-07T09:16:03.467246Z
1.0,RESEARCH_PAPER,arXiv (deterministic assessment fixture),https://arxiv.org/,Frontier Study 0470: Generative Modeling,"['Researcher 83', 'Researcher 48']",https://arxiv.org/abs/2601.00470,https://github.com/frontieratlas/paper-0470,17390,2026-05-25T09:16:03.451621Z,2026-09-07T09:16:03.467263Z
1.0,RESEARCH_PAPER,arXiv (deterministic assessment fixture),https://arxiv.org/,Frontier Study 0471: Retrieval,"['Researcher 84', 'Researcher 49']",https://arxiv.org/abs/2601.00471,https://github.com/frontieratlas/paper-0471,17427,2026-05-24T09:16:03.451621Z,2026-09-07T09:16:03.467272Z
1.0,RESEARCH_PAPER,arXiv (deterministic assessment fixture),https://arxiv.org/,Frontier Study 0472: Agents,"['Researcher 85', 'Researcher 50']",https://arxiv.org/abs/2601.00472,https://github.com/frontieratlas/paper-0472,17464,2026-05-23T09:16:03.451621Z,2026-09-07T09:16:03.467279Z
1.0,RESEARCH_PAPER,arXiv (deterministic assessment fixture),https://arxiv.org/,Frontier Study 0473: Language Models,"['Researcher 86', 'Researcher 51']",https://arxiv.org/abs/2601.00473,https://github.com/frontieratlas/paper-0473,17501,2026-05-22T09:16:03.451621Z,2026-09-07T09:16:03.467285Z
1.0,RESEARCH_PAPER,arXiv (deterministic assessment fixture),https://arxiv.org/,Frontier Study 0474: Multimodal Learning,"['Researcher 87', 'Researcher 52']",https://arxiv.org/abs/2601.00474,https://github.com/frontieratlas/paper-0474,17538,2026-05-21T09:16:03.451621Z,2026-09-07T09:16:03.467292Z
1.0,RESEARCH_PAPER,arXiv (deterministic assessment fixture),https://arxiv.org/,Frontier Study 0475: Robotics,"['Researcher 88', 'Researcher 53']",https://arxiv.org/abs/2601.00475,https://github.com/frontieratlas/paper-0475,17575,2026-05-20T09:16:03.451621Z,2026-09-07T09:16:03.467299Z
1.0,RESEARCH_PAPER,arXiv (deterministic assessment fixture),https://arxiv.org/,Frontier Study 0476: Alignment,"['Researcher 89', 'Researcher 54']",https://arxiv.org/abs/2601.00476,https://github.com/frontieratlas/paper-0476,17612,2026-05-19T09:16:03.451621Z,2026-09-07T09:16:03.467306Z
1.0,RESEARCH_PAPER,arXiv (deterministic assessment fixture),https://arxiv.org/,Frontier Study 0477: Computer Vision,"['Researcher 90', 'Researcher 2']",https://arxiv.org/abs/2601.00477,https://github.com/frontieratlas/paper-0477,17649,2026-05-18T09:16:03.451621Z,2026-09-07T09:16:03.467311Z
1.0,RESEARCH_PAPER,arXiv (deterministic assessment fixture),https://arxiv.org/,Frontier Study 0478: Generative Modeling,"['Researcher 91', 'Researcher 3']",https://arxiv.org/abs/2601.00478,https://github.com/frontieratlas/paper-0478,17686,2026-05-17T09:16:03.451621Z,2026-09-07T09:16:03.467317Z
1.0,RESEARCH_PAPER,arXiv (deterministic assessment fixture),https://arxiv.org/,Frontier Study 0479: Retrieval,"['Researcher 92', 'Researcher 4']",https://arxiv.org/abs/2601.00479,https://github.com/frontieratlas/paper-0479,17723,2026-05-16T09:16:03.451621Z,2026-09-07T09:16:03.467324Z
1.0,RESEARCH_PAPER,arXiv (deterministic assessment fixture),https://arxiv.org/,Frontier Study 0480: Agents,"['Researcher 93', 'Researcher 5']",https://arxiv.org/abs/2601.00480,https://github.com/frontieratlas/paper-0480,17760,2026-05-15T09:16:03.451621Z,2026-09-07T09:16:03.467330Z
1.0,RESEARCH_PAPER,arXiv (deterministic assessment fixture),https://arxiv.org/,Frontier Study 0481: Language Models,"['Researcher 94', 'Researcher 6']",https://arxiv.org/abs/2601.00481,https://github.com/frontieratlas/paper-0481,17797,2026-05-14T09:16:03.451621Z,2026-09-07T09:16:03.467336Z
1.0,RESEARCH_PAPER,arXiv (deterministic assessment fixture),https://arxiv.org/,Frontier Study 0482: Multimodal Learning,"['Researcher 95', 'Researcher 7']",https://arxiv.org/abs/2601.00482,https://github.com/frontieratlas/paper-0482,17834,2026-05-13T09:16:03.451621Z,2026-09-07T09:16:03.467344Z
1.0,RESEARCH_PAPER,arXiv (deterministic assessment fixture),https://arxiv.org/,Frontier Study 0483: Robotics,"['Researcher 96', 'Researcher 8']",https://arxiv.org/abs/2601.00483,https://github.com/frontieratlas/paper-0483,17871,2026-05-12T09:16:03.451621Z,2026-09-07T09:16:03.467350Z
1.0,RESEARCH_PAPER,arXiv (deterministic assessment fixture),https://arxiv.org/,Frontier Study 0484: Alignment,"['Researcher 97', 'Researcher 9']",https://arxiv.org/abs/2601.00484,https://github.com/frontieratlas/paper-0484,17908,2026-05-11T09:16:03.451621Z,2026-09-07T09:16:03.467356Z
1.0,RESEARCH_PAPER,arXiv (deterministic assessment fixture),https://arxiv.org/,Frontier Study 0485: Computer Vision,"['Researcher 1', 'Researcher 10']",https://arxiv.org/abs/2601.00485,https://github.com/frontieratlas/paper-0485,17945,2026-05-10T09:16:03.451621Z,2026-09-07T09:16:03.467361Z
1.0,RESEARCH_PAPER,arXiv (deterministic assessment fixture),https://arxiv.org/,Frontier Study 0486: Generative Modeling,"['Researcher 2', 'Researcher 11']",https://arxiv.org/abs/2601.00486,https://github.com/frontieratlas/paper-0486,17982,2026-05-09T09:16:03.451621Z,2026-09-07T09:16:03.467367Z
1.0,RESEARCH_PAPER,arXiv (deterministic assessment fixture),https://arxiv.org/,Frontier Study 0487: Retrieval,"['Researcher 3', 'Researcher 12']",https://arxiv.org/abs/2601.00487,https://github.com/frontieratlas/paper-0487,18019,2026-05-08T09:16:03.451621Z,2026-09-07T09:16:03.467373Z
1.0,RESEARCH_PAPER,arXiv (deterministic assessment fixture),https://arxiv.org/,Frontier Study 0488: Agents,"['Researcher 4', 'Researcher 13']",https://arxiv.org/abs/2601.00488,https://github.com/frontieratlas/paper-0488,18056,2026-05-07T09:16:03.451621Z,2026-09-07T09:16:03.467379Z
1.0,RESEARCH_PAPER,arXiv (deterministic assessment fixture),https://arxiv.org/,Frontier Study 0489: Language Models,"['Researcher 5', 'Researcher 14']",https://arxiv.org/abs/2601.00489,https://github.com/frontieratlas/paper-0489,18093,2026-05-06T09:16:03.451621Z,2026-09-07T09:16:03.467385Z
1.0,RESEARCH_PAPER,arXiv (deterministic assessment fixture),https://arxiv.org/,Frontier Study 0490: Multimodal Learning,"['Researcher 6', 'Researcher 15']",https://arxiv.org/abs/2601.00490,https://github.com/frontieratlas/paper-0490,18130,2026-05-05T09:16:03.451621Z,2026-09-07T09:16:03.467393Z
1.0,RESEARCH_PAPER,arXiv (deterministic assessment fixture),https://arxiv.org/,Frontier Study 0491: Robotics,"['Researcher 7', 'Researcher 16']",https://arxiv.org/abs/2601.00491,https://github.com/frontieratlas/paper-0491,18167,2026-05-04T09:16:03.451621Z,2026-09-07T09:16:03.467399Z
1.0,RESEARCH_PAPER,arXiv (deterministic assessment fixture),https://arxiv.org/,Frontier Study 0492: Alignment,"['Researcher 8', 'Researcher 17']",https://arxiv.org/abs/2601.00492,https://github.com/frontieratlas/paper-0492,18204,2026-05-03T09:16:03.451621Z,2026-09-07T09:16:03.467406Z
1.0,RESEARCH_PAPER,arXiv (deterministic assessment fixture),https://arxiv.org/,Frontier Study 0493: Computer Vision,"['Researcher 9', 'Researcher 18']",https://arxiv.org/abs/2601.00493,https://github.com/frontieratlas/paper-0493,18241,2026-05-02T09:16:03.451621Z,2026-09-07T09:16:03.467413Z
1.0,RESEARCH_PAPER,arXiv (deterministic assessment fixture),https://arxiv.org/,Frontier Study 0494: Generative Modeling,"['Researcher 10', 'Researcher 19']",https://arxiv.org/abs/2601.00494,https://github.com/frontieratlas/paper-0494,18278,2026-05-01T09:16:03.451621Z,2026-09-07T09:16:03.467420Z
1.0,RESEARCH_PAPER,arXiv (deterministic assessment fixture),https://arxiv.org/,Frontier Study 0495: Retrieval,"['Researcher 11', 'Researcher 20']",https://arxiv.org/abs/2601.00495,https://github.com/frontieratlas/paper-0495,18315,2026-04-30T09:16:03.451621Z,2026-09-07T09:16:03.467425Z
1.0,RESEARCH_PAPER,arXiv (deterministic assessment fixture),https://arxiv.org/,Frontier Study 0496: Agents,"['Researcher 12', 'Researcher 21']",https://arxiv.org/abs/2601.00496,https://github.com/frontieratlas/paper-0496,18352,2026-04-29T09:16:03.451621Z,2026-09-07T09:16:03.467431Z
1.0,RESEARCH_PAPER,arXiv (deterministic assessment fixture),https://arxiv.org/,Frontier Study 0497: Language Models,"['Researcher 13', 'Researcher 22']",https://arxiv.org/abs/2601.00497,https://github.com/frontieratlas/paper-0497,18389,2026-04-28T09:16:03.451621Z,2026-09-07T09:16:03.467439Z
1.0,RESEARCH_PAPER,arXiv (deterministic assessment fixture),https://arxiv.org/,Frontier Study 0498: Multimodal Learning,"['Researcher 14', 'Researcher 23']",https://arxiv.org/abs/2601.00498,https://github.com/frontieratlas/paper-0498,18426,2026-04-27T09:16:03.451621Z,2026-09-07T09:16:03.467445Z
1.0,RESEARCH_PAPER,arXiv (deterministic assessment fixture),https://arxiv.org/,Frontier Study 0499: Robotics,"['Researcher 15', 'Researcher 24']",https://arxiv.org/abs/2601.00499,https://github.com/frontieratlas/paper-0499,18463,2026-04-26T09:16:03.451621Z,2026-09-07T09:16:03.467450Z
1.0,RESEARCH_PAPER,arXiv (deterministic assessment fixture),https://arxiv.org/,Frontier Study 0500: Alignment,"['Researcher 16', 'Researcher 25']",https://arxiv.org/abs/2601.00500,https://github.com/frontieratlas/paper-0500,18500,2026-04-25T09:16:03.451621Z,2026-09-07T09:16:03.467456Z
1.0,RESEARCH_PAPER,arXiv (deterministic assessment fixture),https://arxiv.org/,Frontier Study 0501: Computer Vision,"['Researcher 17', 'Researcher 26']",https://arxiv.org/abs/2601.00501,https://github.com/frontieratlas/paper-0501,18537,2026-04-24T09:16:03.451621Z,2026-09-07T09:16:03.470494Z
1.0,RESEARCH_PAPER,arXiv (deterministic assessment fixture),https://arxiv.org/,Frontier Study 0502: Generative Modeling,"['Researcher 18', 'Researcher 27']",https://arxiv.org/abs/2601.00502,https://github.com/frontieratlas/paper-0502,18574,2026-04-23T09:16:03.451621Z,2026-09-07T09:16:03.470504Z
1.0,RESEARCH_PAPER,arXiv (deterministic assessment fixture),https://arxiv.org/,Frontier Study 0503: Retrieval,"['Researcher 19', 'Researcher 28']",https://arxiv.org/abs/2601.00503,https://github.com/frontieratlas/paper-0503,18611,2026-04-22T09:16:03.451621Z,2026-09-07T09:16:03.470512Z
1.0,RESEARCH_PAPER,arXiv (deterministic assessment fixture),https://arxiv.org/,Frontier Study 0504: Agents,"['Researcher 20', 'Researcher 29']",https://arxiv.org/abs/2601.00504,https://github.com/frontieratlas/paper-0504,18648,2026-04-21T09:16:03.451621Z,2026-09-07T09:16:03.470518Z
1.0,RESEARCH_PAPER,arXiv (deterministic assessment fixture),https://arxiv.org/,Frontier Study 0505: Language Models,"['Researcher 21', 'Researcher 30']",https://arxiv.org/abs/2601.00505,https://github.com/frontieratlas/paper-0505,18685,2026-04-20T09:16:03.451621Z,2026-09-07T09:16:03.470524Z
1.0,RESEARCH_PAPER,arXiv (deterministic assessment fixture),https://arxiv.org/,Frontier Study 0506: Multimodal Learning,"['Researcher 22', 'Researcher 31']",https://arxiv.org/abs/2601.00506,https://github.com/frontieratlas/paper-0506,18722,2026-04-19T09:16:03.451621Z,2026-09-07T09:16:03.470530Z
1.0,RESEARCH_PAPER,arXiv (deterministic assessment fixture),https://arxiv.org/,Frontier Study 0507: Robotics,"['Researcher 23', 'Researcher 32']",https://arxiv.org/abs/2601.00507,https://github.com/frontieratlas/paper-0507,18759,2026-04-18T09:16:03.451621Z,2026-09-07T09:16:03.470540Z
1.0,RESEARCH_PAPER,arXiv (deterministic assessment fixture),https://arxiv.org/,Frontier Study 0508: Alignment,"['Researcher 24', 'Researcher 33']",https://arxiv.org/abs/2601.00508,https://github.com/frontieratlas/paper-0508,18796,2026-04-17T09:16:03.451621Z,2026-09-07T09:16:03.470546Z
1.0,RESEARCH_PAPER,arXiv (deterministic assessment fixture),https://arxiv.org/,Frontier Study 0509: Computer Vision,"['Researcher 25', 'Researcher 34']",https://arxiv.org/abs/2601.00509,https://github.com/frontieratlas/paper-0509,18833,2026-04-16T09:16:03.451621Z,2026-09-07T09:16:03.470552Z
1.0,RESEARCH_PAPER,arXiv (deterministic assessment fixture),https://arxiv.org/,Frontier Study 0510: Generative Modeling,"['Researcher 26', 'Researcher 35']",https://arxiv.org/abs/2601.00510,https://github.com/frontieratlas/paper-0510,18870,2026-04-15T09:16:03.451621Z,2026-09-07T09:16:03.470558Z
1.0,RESEARCH_PAPER,arXiv (deterministic assessment fixture),https://arxiv.org/,Frontier Study 0511: Retrieval,"['Researcher 27', 'Researcher 36']",https://arxiv.org/abs/2601.00511,https://github.com/frontieratlas/paper-0511,18907,2026-04-14T09:16:03.451621Z,2026-09-07T09:16:03.470564Z
1.0,RESEARCH_PAPER,arXiv (deterministic assessment fixture),https://arxiv.org/,Frontier Study 0512: Agents,"['Researcher 28', 'Researcher 37']",https://arxiv.org/abs/2601.00512,https://github.com/frontieratlas/paper-0512,18944,2026-04-13T09:16:03.451621Z,2026-09-07T09:16:03.470572Z
1.0,RESEARCH_PAPER,arXiv (deterministic assessment fixture),https://arxiv.org/,Frontier Study 0513: Language Models,"['Researcher 29', 'Researcher 38']",https://arxiv.org/abs/2601.00513,https://github.com/frontieratlas/paper-0513,18981,2026-04-12T09:16:03.451621Z,2026-09-07T09:16:03.470578Z
1.0,RESEARCH_PAPER,arXiv (deterministic assessment fixture),https://arxiv.org/,Frontier Study 0514: Multimodal Learning,"['Researcher 30', 'Researcher 39']",https://arxiv.org/abs/2601.00514,https://github.com/frontieratlas/paper-0514,19018,2026-04-11T09:16:03.451621Z,2026-09-07T09:16:03.470584Z
1.0,RESEARCH_PAPER,arXiv (deterministic assessment fixture),https://arxiv.org/,Frontier Study 0515: Robotics,"['Researcher 31', 'Researcher 40']",https://arxiv.org/abs/2601.00515,https://github.com/frontieratlas/paper-0515,19055,2026-04-10T09:16:03.451621Z,2026-09-07T09:16:03.470591Z
1.0,RESEARCH_PAPER,arXiv (deterministic assessment fixture),https://arxiv.org/,Frontier Study 0516: Alignment,"['Researcher 32', 'Researcher 41']",https://arxiv.org/abs/2601.00516,https://github.com/frontieratlas/paper-0516,19092,2026-04-09T09:16:03.451621Z,2026-09-07T09:16:03.470597Z
1.0,RESEARCH_PAPER,arXiv (deterministic assessment fixture),https://arxiv.org/,Frontier Study 0517: Computer Vision,"['Researcher 33', 'Researcher 42']",https://arxiv.org/abs/2601.00517,https://github.com/frontieratlas/paper-0517,19129,2026-04-08T09:16:03.451621Z,2026-09-07T09:16:03.470602Z
1.0,RESEARCH_PAPER,arXiv (deterministic assessment fixture),https://arxiv.org/,Frontier Study 0518: Generative Modeling,"['Researcher 34', 'Researcher 43']",https://arxiv.org/abs/2601.00518,https://github.com/frontieratlas/paper-0518,19166,2026-04-07T09:16:03.451621Z,2026-09-07T09:16:03.470608Z
1.0,RESEARCH_PAPER,arXiv (deterministic assessment fixture),https://arxiv.org/,Frontier Study 0519: Retrieval,"['Researcher 35', 'Researcher 44']",https://arxiv.org/abs/2601.00519,https://github.com/frontieratlas/paper-0519,19203,2026-04-06T09:16:03.451621Z,2026-09-07T09:16:03.470614Z
1.0,RESEARCH_PAPER,arXiv (deterministic assessment fixture),https://arxiv.org/,Frontier Study 0520: Agents,"['Researcher 36', 'Researcher 45']",https://arxiv.org/abs/2601.00520,https://github.com/frontieratlas/paper-0520,19240,2026-04-05T09:16:03.451621Z,2026-09-07T09:16:03.470621Z
1.0,RESEARCH_PAPER,arXiv (deterministic assessment fixture),https://arxiv.org/,Frontier Study 0521: Language Models,"['Researcher 37', 'Researcher 46']",https://arxiv.org/abs/2601.00521,https://github.com/frontieratlas/paper-0521,19277,2026-04-04T09:16:03.451621Z,2026-09-07T09:16:03.470627Z
1.0,RESEARCH_PAPER,arXiv (deterministic assessment fixture),https://arxiv.org/,Frontier Study 0522: Multimodal Learning,"['Researcher 38', 'Researcher 47']",https://arxiv.org/abs/2601.00522,https://github.com/frontieratlas/paper-0522,19314,2026-04-03T09:16:03.451621Z,2026-09-07T09:16:03.470634Z
1.0,RESEARCH_PAPER,arXiv (deterministic assessment fixture),https://arxiv.org/,Frontier Study 0523: Robotics,"['Researcher 39', 'Researcher 48']",https://arxiv.org/abs/2601.00523,https://github.com/frontieratlas/paper-0523,19351,2026-04-02T09:16:03.451621Z,2026-09-07T09:16:03.470641Z
1.0,RESEARCH_PAPER,arXiv (deterministic assessment fixture),https://arxiv.org/,Frontier Study 0524: Alignment,"['Researcher 40', 'Researcher 49']",https://arxiv.org/abs/2601.00524,https://github.com/frontieratlas/paper-0524,19388,2026-04-01T09:16:03.451621Z,2026-09-07T09:16:03.470647Z
1.0,RESEARCH_PAPER,arXiv (deterministic assessment fixture),https://arxiv.org/,Frontier Study 0525: Computer Vision,"['Researcher 41', 'Researcher 50']",https://arxiv.org/abs/2601.00525,https://github.com/frontieratlas/paper-0525,19425,2026-03-31T09:16:03.451621Z,2026-09-07T09:16:03.470654Z
1.0,RESEARCH_PAPER,arXiv (deterministic assessment fixture),https://arxiv.org/,Frontier Study 0526: Generative Modeling,"['Researcher 42', 'Researcher 51']",https://arxiv.org/abs/2601.00526,https://github.com/frontieratlas/paper-0526,19462,2026-03-30T09:16:03.451621Z,2026-09-07T09:16:03.470660Z
1.0,RESEARCH_PAPER,arXiv (deterministic assessment fixture),https://arxiv.org/,Frontier Study 0527: Retrieval,"['Researcher 43', 'Researcher 52']",https://arxiv.org/abs/2601.00527,https://github.com/frontieratlas/paper-0527,19499,2026-03-29T09:16:03.451621Z,2026-09-07T09:16:03.470665Z
1.0,RESEARCH_PAPER,arXiv (deterministic assessment fixture),https://arxiv.org/,Frontier Study 0528: Agents,"['Researcher 44', 'Researcher 53']",https://arxiv.org/abs/2601.00528,https://github.com/frontieratlas/paper-0528,19536,2026-03-28T09:16:03.451621Z,2026-09-07T09:16:03.470673Z
1.0,RESEARCH_PAPER,arXiv (deterministic assessment fixture),https://arxiv.org/,Frontier Study 0529: Language Models,"['Researcher 45', 'Researcher 54']",https://arxiv.org/abs/2601.00529,https://github.com/frontieratlas/paper-0529,19573,2026-03-27T09:16:03.451621Z,2026-09-07T09:16:03.470698Z
1.0,RESEARCH_PAPER,arXiv (deterministic assessment fixture),https://arxiv.org/,Frontier Study 0530: Multimodal Learning,"['Researcher 46', 'Researcher 2']",https://arxiv.org/abs/2601.00530,https://github.com/frontieratlas/paper-0530,19610,2026-03-26T09:16:03.451621Z,2026-09-07T09:16:03.470710Z
1.0,RESEARCH_PAPER,arXiv (deterministic assessment fixture),https://arxiv.org/,Frontier Study 0531: Robotics,"['Researcher 47', 'Researcher 3']",https://arxiv.org/abs/2601.00531,https://github.com/frontieratlas/paper-0531,19647,2026-03-25T09:16:03.451621Z,2026-09-07T09:16:03.470719Z
1.0,RESEARCH_PAPER,arXiv (deterministic assessment fixture),https://arxiv.org/,Frontier Study 0532: Alignment,"['Researcher 48', 'Researcher 4']",https://arxiv.org/abs/2601.00532,https://github.com/frontieratlas/paper-0532,19684,2026-03-24T09:16:03.451621Z,2026-09-07T09:16:03.470954Z
1.0,RESEARCH_PAPER,arXiv (deterministic assessment fixture),https://arxiv.org/,Frontier Study 0533: Computer Vision,"['Researcher 49', 'Researcher 5']",https://arxiv.org/abs/2601.00533,https://github.com/frontieratlas/paper-0533,19721,2026-03-23T09:16:03.451621Z,2026-09-07T09:16:03.470965Z
1.0,RESEARCH_PAPER,arXiv (deterministic assessment fixture),https://arxiv.org/,Frontier Study 0534: Generative Modeling,"['Researcher 50', 'Researcher 6']",https://arxiv.org/abs/2601.00534,https://github.com/frontieratlas/paper-0534,19758,2026-03-22T09:16:03.451621Z,2026-09-07T09:16:03.470975Z
1.0,RESEARCH_PAPER,arXiv (deterministic assessment fixture),https://arxiv.org/,Frontier Study 0535: Retrieval,"['Researcher 51', 'Researcher 7']",https://arxiv.org/abs/2601.00535,https://github.com/frontieratlas/paper-0535,19795,2026-03-21T09:16:03.451621Z,2026-09-07T09:16:03.470981Z
1.0,RESEARCH_PAPER,arXiv (deterministic assessment fixture),https://arxiv.org/,Frontier Study 0536: Agents,"['Researcher 52', 'Researcher 8']",https://arxiv.org/abs/2601.00536,https://github.com/frontieratlas/paper-0536,19832,2026-03-20T09:16:03.451621Z,2026-09-07T09:16:03.470987Z
1.0,RESEARCH_PAPER,arXiv (deterministic assessment fixture),https://arxiv.org/,Frontier Study 0537: Language Models,"['Researcher 53', 'Researcher 9']",https://arxiv.org/abs/2601.00537,https://github.com/frontieratlas/paper-0537,19869,2026-03-19T09:16:03.451621Z,2026-09-07T09:16:03.470995Z
1.0,RESEARCH_PAPER,arXiv (deterministic assessment fixture),https://arxiv.org/,Frontier Study 0538: Multimodal Learning,"['Researcher 54', 'Researcher 10']",https://arxiv.org/abs/2601.00538,https://github.com/frontieratlas/paper-0538,19906,2026-03-18T09:16:03.451621Z,2026-09-07T09:16:03.471003Z
1.0,RESEARCH_PAPER,arXiv (deterministic assessment fixture),https://arxiv.org/,Frontier Study 0539: Robotics,"['Researcher 55', 'Researcher 11']",https://arxiv.org/abs/2601.00539,https://github.com/frontieratlas/paper-0539,19943,2026-03-17T09:16:03.451621Z,2026-09-07T09:16:03.471009Z
1.0,RESEARCH_PAPER,arXiv (deterministic assessment fixture),https://arxiv.org/,Frontier Study 0540: Alignment,"['Researcher 56', 'Researcher 12']",https://arxiv.org/abs/2601.00540,https://github.com/frontieratlas/paper-0540,19980,2026-03-16T09:16:03.451621Z,2026-09-07T09:16:03.471015Z
1.0,RESEARCH_PAPER,arXiv (deterministic assessment fixture),https://arxiv.org/,Frontier Study 0541: Computer Vision,"['Researcher 57', 'Researcher 13']",https://arxiv.org/abs/2601.00541,https://github.com/frontieratlas/paper-0541,20017,2026-03-15T09:16:03.451621Z,2026-09-07T09:16:03.471021Z
1.0,RESEARCH_PAPER,arXiv (deterministic assessment fixture),https://arxiv.org/,Frontier Study 0542: Generative Modeling,"['Researcher 58', 'Researcher 14']",https://arxiv.org/abs/2601.00542,https://github.com/frontieratlas/paper-0542,20054,2026-03-14T09:16:03.451621Z,2026-09-07T09:16:03.471028Z
1.0,RESEARCH_PAPER,arXiv (deterministic assessment fixture),https://arxiv.org/,Frontier Study 0543: Retrieval,"['Researcher 59', 'Researcher 15']",https://arxiv.org/abs/2601.00543,https://github.com/frontieratlas/paper-0543,20091,2026-03-13T09:16:03.451621Z,2026-09-07T09:16:03.471035Z
1.0,RESEARCH_PAPER,arXiv (deterministic assessment fixture),https://arxiv.org/,Frontier Study 0544: Agents,"['Researcher 60', 'Researcher 16']",https://arxiv.org/abs/2601.00544,https://github.com/frontieratlas/paper-0544,20128,2026-03-12T09:16:03.451621Z,2026-09-07T09:16:03.471042Z
1.0,RESEARCH_PAPER,arXiv (deterministic assessment fixture),https://arxiv.org/,Frontier Study 0545: Language Models,"['Researcher 61', 'Researcher 17']",https://arxiv.org/abs/2601.00545,https://github.com/frontieratlas/paper-0545,20165,2026-03-11T09:16:03.451621Z,2026-09-07T09:16:03.471048Z
1.0,RESEARCH_PAPER,arXiv (deterministic assessment fixture),https://arxiv.org/,Frontier Study 0546: Multimodal Learning,"['Researcher 62', 'Researcher 18']",https://arxiv.org/abs/2601.00546,https://github.com/frontieratlas/paper-0546,20202,2026-03-10T09:16:03.451621Z,2026-09-07T09:16:03.471055Z
1.0,RESEARCH_PAPER,arXiv (deterministic assessment fixture),https://arxiv.org/,Frontier Study 0547: Robotics,"['Researcher 63', 'Researcher 19']",https://arxiv.org/abs/2601.00547,https://github.com/frontieratlas/paper-0547,20239,2026-03-09T09:16:03.451621Z,2026-09-07T09:16:03.471061Z
1.0,RESEARCH_PAPER,arXiv (deterministic assessment fixture),https://arxiv.org/,Frontier Study 0548: Alignment,"['Researcher 64', 'Researcher 20']",https://arxiv.org/abs/2601.00548,https://github.com/frontieratlas/paper-0548,20276,2026-03-08T09:16:03.451621Z,2026-09-07T09:16:03.471066Z
1.0,RESEARCH_PAPER,arXiv (deterministic assessment fixture),https://arxiv.org/,Frontier Study 0549: Computer Vision,"['Researcher 65', 'Researcher 21']",https://arxiv.org/abs/2601.00549,https://github.com/frontieratlas/paper-0549,20313,2026-03-07T09:16:03.451621Z,2026-09-07T09:16:03.471072Z
1.0,RESEARCH_PAPER,arXiv (deterministic assessment fixture),https://arxiv.org/,Frontier Study 0550: Generative Modeling,"['Researcher 66', 'Researcher 22']",https://arxiv.org/abs/2601.00550,https://github.com/frontieratlas/paper-0550,20350,2026-03-06T09:16:03.451621Z,2026-09-07T09:16:03.471077Z
1.0,RESEARCH_PAPER,arXiv (deterministic assessment fixture),https://arxiv.org/,Frontier Study 0551: Retrieval,"['Researcher 67', 'Researcher 23']",https://arxiv.org/abs/2601.00551,https://github.com/frontieratlas/paper-0551,20387,2026-03-05T09:16:03.451621Z,2026-09-07T09:16:03.471083Z
1.0,RESEARCH_PAPER,arXiv (deterministic assessment fixture),https://arxiv.org/,Frontier Study 0552: Agents,"['Researcher 68', 'Researcher 24']",https://arxiv.org/abs/2601.00552,https://github.com/frontieratlas/paper-0552,20424,2026-03-04T09:16:03.451621Z,2026-09-07T09:16:03.471090Z
1.0,RESEARCH_PAPER,arXiv (deterministic assessment fixture),https://arxiv.org/,Frontier Study 0553: Language Models,"['Researcher 69', 'Researcher 25']",https://arxiv.org/abs/2601.00553,https://github.com/frontieratlas/paper-0553,20461,2026-03-03T09:16:03.451621Z,2026-09-07T09:16:03.471096Z
1.0,RESEARCH_PAPER,arXiv (deterministic assessment fixture),https://arxiv.org/,Frontier Study 0554: Multimodal Learning,"['Researcher 70', 'Researcher 26']",https://arxiv.org/abs/2601.00554,https://github.com/frontieratlas/paper-0554,20498,2026-03-02T09:16:03.451621Z,2026-09-07T09:16:03.471103Z
1.0,RESEARCH_PAPER,arXiv (deterministic assessment fixture),https://arxiv.org/,Frontier Study 0555: Robotics,"['Researcher 71', 'Researcher 27']",https://arxiv.org/abs/2601.00555,https://github.com/frontieratlas/paper-0555,20535,2026-03-01T09:16:03.451621Z,2026-09-07T09:16:03.471109Z
1.0,RESEARCH_PAPER,arXiv (deterministic assessment fixture),https://arxiv.org/,Frontier Study 0556: Alignment,"['Researcher 72', 'Researcher 28']",https://arxiv.org/abs/2601.00556,https://github.com/frontieratlas/paper-0556,20572,2026-02-28T09:16:03.451621Z,2026-09-07T09:16:03.471115Z
1.0,RESEARCH_PAPER,arXiv (deterministic assessment fixture),https://arxiv.org/,Frontier Study 0557: Computer Vision,"['Researcher 73', 'Researcher 29']",https://arxiv.org/abs/2601.00557,https://github.com/frontieratlas/paper-0557,20609,2026-02-27T09:16:03.451621Z,2026-09-07T09:16:03.471123Z
1.0,RESEARCH_PAPER,arXiv (deterministic assessment fixture),https://arxiv.org/,Frontier Study 0558: Generative Modeling,"['Researcher 74', 'Researcher 30']",https://arxiv.org/abs/2601.00558,https://github.com/frontieratlas/paper-0558,20646,2026-02-26T09:16:03.451621Z,2026-09-07T09:16:03.471129Z
1.0,RESEARCH_PAPER,arXiv (deterministic assessment fixture),https://arxiv.org/,Frontier Study 0559: Retrieval,"['Researcher 75', 'Researcher 31']",https://arxiv.org/abs/2601.00559,https://github.com/frontieratlas/paper-0559,20683,2026-02-25T09:16:03.451621Z,2026-09-07T09:16:03.471135Z
1.0,RESEARCH_PAPER,arXiv (deterministic assessment fixture),https://arxiv.org/,Frontier Study 0560: Agents,"['Researcher 76', 'Researcher 32']",https://arxiv.org/abs/2601.00560,https://github.com/frontieratlas/paper-0560,20720,2026-02-24T09:16:03.451621Z,2026-09-07T09:16:03.471142Z
1.0,RESEARCH_PAPER,arXiv (deterministic assessment fixture),https://arxiv.org/,Frontier Study 0561: Language Models,"['Researcher 77', 'Researcher 33']",https://arxiv.org/abs/2601.00561,https://github.com/frontieratlas/paper-0561,20757,2026-02-23T09:16:03.451621Z,2026-09-07T09:16:03.471149Z
1.0,RESEARCH_PAPER,arXiv (deterministic assessment fixture),https://arxiv.org/,Frontier Study 0562: Multimodal Learning,"['Researcher 78', 'Researcher 34']",https://arxiv.org/abs/2601.00562,https://github.com/frontieratlas/paper-0562,20794,2026-02-22T09:16:03.451621Z,2026-09-07T09:16:03.471157Z
1.0,RESEARCH_PAPER,arXiv (deterministic assessment fixture),https://arxiv.org/,Frontier Study 0563: Robotics,"['Researcher 79', 'Researcher 35']",https://arxiv.org/abs/2601.00563,https://github.com/frontieratlas/paper-0563,20831,2026-02-21T09:16:03.451621Z,2026-09-07T09:16:03.471163Z
1.0,RESEARCH_PAPER,arXiv (deterministic assessment fixture),https://arxiv.org/,Frontier Study 0564: Alignment,"['Researcher 80', 'Researcher 36']",https://arxiv.org/abs/2601.00564,https://github.com/frontieratlas/paper-0564,20868,2026-02-20T09:16:03.451621Z,2026-09-07T09:16:03.471168Z
1.0,RESEARCH_PAPER,arXiv (deterministic assessment fixture),https://arxiv.org/,Frontier Study 0565: Computer Vision,"['Researcher 81', 'Researcher 37']",https://arxiv.org/abs/2601.00565,https://github.com/frontieratlas/paper-0565,20905,2026-02-19T09:16:03.451621Z,2026-09-07T09:16:03.471174Z
1.0,RESEARCH_PAPER,arXiv (deterministic assessment fixture),https://arxiv.org/,Frontier Study 0566: Generative Modeling,"['Researcher 82', 'Researcher 38']",https://arxiv.org/abs/2601.00566,https://github.com/frontieratlas/paper-0566,20942,2026-02-18T09:16:03.451621Z,2026-09-07T09:16:03.471179Z
1.0,RESEARCH_PAPER,arXiv (deterministic assessment fixture),https://arxiv.org/,Frontier Study 0567: Retrieval,"['Researcher 83', 'Researcher 39']",https://arxiv.org/abs/2601.00567,https://github.com/frontieratlas/paper-0567,20979,2026-02-17T09:16:03.451621Z,2026-09-07T09:16:03.471186Z
1.0,RESEARCH_PAPER,arXiv (deterministic assessment fixture),https://arxiv.org/,Frontier Study 0568: Agents,"['Researcher 84', 'Researcher 40']",https://arxiv.org/abs/2601.00568,https://github.com/frontieratlas/paper-0568,21016,2026-02-16T09:16:03.451621Z,2026-09-07T09:16:03.471191Z
1.0,RESEARCH_PAPER,arXiv (deterministic assessment fixture),https://arxiv.org/,Frontier Study 0569: Language Models,"['Researcher 85', 'Researcher 41']",https://arxiv.org/abs/2601.00569,https://github.com/frontieratlas/paper-0569,21053,2026-02-15T09:16:03.451621Z,2026-09-07T09:16:03.471198Z
1.0,RESEARCH_PAPER,arXiv (deterministic assessment fixture),https://arxiv.org/,Frontier Study 0570: Multimodal Learning,"['Researcher 86', 'Researcher 42']",https://arxiv.org/abs/2601.00570,https://github.com/frontieratlas/paper-0570,21090,2026-02-14T09:16:03.451621Z,2026-09-07T09:16:03.471204Z
1.0,RESEARCH_PAPER,arXiv (deterministic assessment fixture),https://arxiv.org/,Frontier Study 0571: Robotics,"['Researcher 87', 'Researcher 43']",https://arxiv.org/abs/2601.00571,https://github.com/frontieratlas/paper-0571,21127,2026-02-13T09:16:03.451621Z,2026-09-07T09:16:03.471211Z
1.0,RESEARCH_PAPER,arXiv (deterministic assessment fixture),https://arxiv.org/,Frontier Study 0572: Alignment,"['Researcher 88', 'Researcher 44']",https://arxiv.org/abs/2601.00572,https://github.com/frontieratlas/paper-0572,21164,2026-02-12T09:16:03.451621Z,2026-09-07T09:16:03.471218Z
1.0,RESEARCH_PAPER,arXiv (deterministic assessment fixture),https://arxiv.org/,Frontier Study 0573: Computer Vision,"['Researcher 89', 'Researcher 45']",https://arxiv.org/abs/2601.00573,https://github.com/frontieratlas/paper-0573,21201,2026-02-11T09:16:03.451621Z,2026-09-07T09:16:03.471223Z
1.0,RESEARCH_PAPER,arXiv (deterministic assessment fixture),https://arxiv.org/,Frontier Study 0574: Generative Modeling,"['Researcher 90', 'Researcher 46']",https://arxiv.org/abs/2601.00574,https://github.com/frontieratlas/paper-0574,21238,2026-02-10T09:16:03.451621Z,2026-09-07T09:16:03.471228Z
1.0,RESEARCH_PAPER,arXiv (deterministic assessment fixture),https://arxiv.org/,Frontier Study 0575: Retrieval,"['Researcher 91', 'Researcher 47']",https://arxiv.org/abs/2601.00575,https://github.com/frontieratlas/paper-0575,21275,2026-02-09T09:16:03.451621Z,2026-09-07T09:16:03.471235Z
1.0,RESEARCH_PAPER,arXiv (deterministic assessment fixture),https://arxiv.org/,Frontier Study 0576: Agents,"['Researcher 92', 'Researcher 48']",https://arxiv.org/abs/2601.00576,https://github.com/frontieratlas/paper-0576,21312,2026-02-08T09:16:03.451621Z,2026-09-07T09:16:03.471244Z
1.0,RESEARCH_PAPER,arXiv (deterministic assessment fixture),https://arxiv.org/,Frontier Study 0577: Language Models,"['Researcher 93', 'Researcher 49']",https://arxiv.org/abs/2601.00577,https://github.com/frontieratlas/paper-0577,21349,2026-02-07T09:16:03.451621Z,2026-09-07T09:16:03.471251Z
1.0,RESEARCH_PAPER,arXiv (deterministic assessment fixture),https://arxiv.org/,Frontier Study 0578: Multimodal Learning,"['Researcher 94', 'Researcher 50']",https://arxiv.org/abs/2601.00578,https://github.com/frontieratlas/paper-0578,21386,2026-02-06T09:16:03.451621Z,2026-09-07T09:16:03.471256Z
1.0,RESEARCH_PAPER,arXiv (deterministic assessment fixture),https://arxiv.org/,Frontier Study 0579: Robotics,"['Researcher 95', 'Researcher 51']",https://arxiv.org/abs/2601.00579,https://github.com/frontieratlas/paper-0579,21423,2026-02-05T09:16:03.451621Z,2026-09-07T09:16:03.471263Z
1.0,RESEARCH_PAPER,arXiv (deterministic assessment fixture),https://arxiv.org/,Frontier Study 0580: Alignment,"['Researcher 96', 'Researcher 52']",https://arxiv.org/abs/2601.00580,https://github.com/frontieratlas/paper-0580,21460,2026-02-04T09:16:03.451621Z,2026-09-07T09:16:03.471269Z
1.0,RESEARCH_PAPER,arXiv (deterministic assessment fixture),https://arxiv.org/,Frontier Study 0581: Computer Vision,"['Researcher 97', 'Researcher 53']",https://arxiv.org/abs/2601.00581,https://github.com/frontieratlas/paper-0581,21497,2026-02-03T09:16:03.451621Z,2026-09-07T09:16:03.471274Z
1.0,RESEARCH_PAPER,arXiv (deterministic assessment fixture),https://arxiv.org/,Frontier Study 0582: Generative Modeling,"['Researcher 1', 'Researcher 54']",https://arxiv.org/abs/2601.00582,https://github.com/frontieratlas/paper-0582,21534,2026-02-02T09:16:03.451621Z,2026-09-07T09:16:03.471281Z
1.0,RESEARCH_PAPER,arXiv (deterministic assessment fixture),https://arxiv.org/,Frontier Study 0583: Retrieval,"['Researcher 2', 'Researcher 2']",https://arxiv.org/abs/2601.00583,https://github.com/frontieratlas/paper-0583,21571,2026-02-01T09:16:03.451621Z,2026-09-07T09:16:03.471287Z
1.0,RESEARCH_PAPER,arXiv (deterministic assessment fixture),https://arxiv.org/,Frontier Study 0584: Agents,"['Researcher 3', 'Researcher 3']",https://arxiv.org/abs/2601.00584,https://github.com/frontieratlas/paper-0584,21608,2026-01-31T09:16:03.451621Z,2026-09-07T09:16:03.471293Z
1.0,RESEARCH_PAPER,arXiv (deterministic assessment fixture),https://arxiv.org/,Frontier Study 0585: Language Models,"['Researcher 4', 'Researcher 4']",https://arxiv.org/abs/2601.00585,https://github.com/frontieratlas/paper-0585,21645,2026-01-30T09:16:03.451621Z,2026-09-07T09:16:03.471300Z
1.0,RESEARCH_PAPER,arXiv (deterministic assessment fixture),https://arxiv.org/,Frontier Study 0586: Multimodal Learning,"['Researcher 5', 'Researcher 5']",https://arxiv.org/abs/2601.00586,https://github.com/frontieratlas/paper-0586,21682,2026-01-29T09:16:03.451621Z,2026-09-07T09:16:03.471306Z
1.0,RESEARCH_PAPER,arXiv (deterministic assessment fixture),https://arxiv.org/,Frontier Study 0587: Robotics,"['Researcher 6', 'Researcher 6']",https://arxiv.org/abs/2601.00587,https://github.com/frontieratlas/paper-0587,21719,2026-01-28T09:16:03.451621Z,2026-09-07T09:16:03.471311Z
1.0,RESEARCH_PAPER,arXiv (deterministic assessment fixture),https://arxiv.org/,Frontier Study 0588: Alignment,"['Researcher 7', 'Researcher 7']",https://arxiv.org/abs/2601.00588,https://github.com/frontieratlas/paper-0588,21756,2026-01-27T09:16:03.451621Z,2026-09-07T09:16:03.471317Z
1.0,RESEARCH_PAPER,arXiv (deterministic assessment fixture),https://arxiv.org/,Frontier Study 0589: Computer Vision,"['Researcher 8', 'Researcher 8']",https://arxiv.org/abs/2601.00589,https://github.com/frontieratlas/paper-0589,21793,2026-01-26T09:16:03.451621Z,2026-09-07T09:16:03.471323Z
1.0,RESEARCH_PAPER,arXiv (deterministic assessment fixture),https://arxiv.org/,Frontier Study 0590: Generative Modeling,"['Researcher 9', 'Researcher 9']",https://arxiv.org/abs/2601.00590,https://github.com/frontieratlas/paper-0590,21830,2026-01-25T09:16:03.451621Z,2026-09-07T09:16:03.471328Z
1.0,RESEARCH_PAPER,arXiv (deterministic assessment fixture),https://arxiv.org/,Frontier Study 0591: Retrieval,"['Researcher 10', 'Researcher 10']",https://arxiv.org/abs/2601.00591,https://github.com/frontieratlas/paper-0591,21867,2026-01-24T09:16:03.451621Z,2026-09-07T09:16:03.471334Z
1.0,RESEARCH_PAPER,arXiv (deterministic assessment fixture),https://arxiv.org/,Frontier Study 0592: Agents,"['Researcher 11', 'Researcher 11']",https://arxiv.org/abs/2601.00592,https://github.com/frontieratlas/paper-0592,21904,2026-01-23T09:16:03.451621Z,2026-09-07T09:16:03.471342Z
1.0,RESEARCH_PAPER,arXiv (deterministic assessment fixture),https://arxiv.org/,Frontier Study 0593: Language Models,"['Researcher 12', 'Researcher 12']",https://arxiv.org/abs/2601.00593,https://github.com/frontieratlas/paper-0593,21941,2026-01-22T09:16:03.451621Z,2026-09-07T09:16:03.471350Z
1.0,RESEARCH_PAPER,arXiv (deterministic assessment fixture),https://arxiv.org/,Frontier Study 0594: Multimodal Learning,"['Researcher 13', 'Researcher 13']",https://arxiv.org/abs/2601.00594,https://github.com/frontieratlas/paper-0594,21978,2026-01-21T09:16:03.451621Z,2026-09-07T09:16:03.471357Z
1.0,RESEARCH_PAPER,arXiv (deterministic assessment fixture),https://arxiv.org/,Frontier Study 0595: Robotics,"['Researcher 14', 'Researcher 14']",https://arxiv.org/abs/2601.00595,https://github.com/frontieratlas/paper-0595,22015,2026-01-20T09:16:03.451621Z,2026-09-07T09:16:03.471364Z
1.0,RESEARCH_PAPER,arXiv (deterministic assessment fixture),https://arxiv.org/,Frontier Study 0596: Alignment,"['Researcher 15', 'Researcher 15']",https://arxiv.org/abs/2601.00596,https://github.com/frontieratlas/paper-0596,22052,2026-01-19T09:16:03.451621Z,2026-09-07T09:16:03.471370Z
1.0,RESEARCH_PAPER,arXiv (deterministic assessment fixture),https://arxiv.org/,Frontier Study 0597: Computer Vision,"['Researcher 16', 'Researcher 16']",https://arxiv.org/abs/2601.00597,https://github.com/frontieratlas/paper-0597,22089,2026-01-18T09:16:03.451621Z,2026-09-07T09:16:03.471377Z
1.0,RESEARCH_PAPER,arXiv (deterministic assessment fixture),https://arxiv.org/,Frontier Study 0598: Generative Modeling,"['Researcher 17', 'Researcher 17']",https://arxiv.org/abs/2601.00598,https://github.com/frontieratlas/paper-0598,22126,2026-01-17T09:16:03.451621Z,2026-09-07T09:16:03.471382Z
1.0,RESEARCH_PAPER,arXiv (deterministic assessment fixture),https://arxiv.org/,Frontier Study 0599: Retrieval,"['Researcher 18', 'Researcher 18']",https://arxiv.org/abs/2601.00599,https://github.com/frontieratlas/paper-0599,22163,2026-01-16T09:16:03.451621Z,2026-09-07T09:16:03.471388Z
1.0,RESEARCH_PAPER,arXiv (deterministic assessment fixture),https://arxiv.org/,Frontier Study 0600: Agents,"['Researcher 19', 'Researcher 19']",https://arxiv.org/abs/2601.00600,https://github.com/frontieratlas/paper-0600,22200,2026-01-15T09:16:03.451621Z,2026-09-07T09:16:03.471395Z
1.0,RESEARCH_PAPER,arXiv (deterministic assessment fixture),https://arxiv.org/,Frontier Study 0601: Language Models,"['Researcher 20', 'Researcher 20']",https://arxiv.org/abs/2601.00601,https://github.com/frontieratlas/paper-0601,22237,2026-01-14T09:16:03.451621Z,2026-09-07T09:16:03.473731Z
1.0,RESEARCH_PAPER,arXiv (deterministic assessment fixture),https://arxiv.org/,Frontier Study 0602: Multimodal Learning,"['Researcher 21', 'Researcher 21']",https://arxiv.org/abs/2601.00602,https://github.com/frontieratlas/paper-0602,22274,2026-01-13T09:16:03.451621Z,2026-09-07T09:16:03.473741Z
1.0,RESEARCH_PAPER,arXiv (deterministic assessment fixture),https://arxiv.org/,Frontier Study 0603: Robotics,"['Researcher 22', 'Researcher 22']",https://arxiv.org/abs/2601.00603,https://github.com/frontieratlas/paper-0603,22311,2026-01-12T09:16:03.451621Z,2026-09-07T09:16:03.473749Z
1.0,RESEARCH_PAPER,arXiv (deterministic assessment fixture),https://arxiv.org/,Frontier Study 0604: Alignment,"['Researcher 23', 'Researcher 23']",https://arxiv.org/abs/2601.00604,https://github.com/frontieratlas/paper-0604,22348,2026-01-11T09:16:03.451621Z,2026-09-07T09:16:03.473755Z
1.0,RESEARCH_PAPER,arXiv (deterministic assessment fixture),https://arxiv.org/,Frontier Study 0605: Computer Vision,"['Researcher 24', 'Researcher 24']",https://arxiv.org/abs/2601.00605,https://github.com/frontieratlas/paper-0605,22385,2026-01-10T09:16:03.451621Z,2026-09-07T09:16:03.473761Z
1.0,RESEARCH_PAPER,arXiv (deterministic assessment fixture),https://arxiv.org/,Frontier Study 0606: Generative Modeling,"['Researcher 25', 'Researcher 25']",https://arxiv.org/abs/2601.00606,https://github.com/frontieratlas/paper-0606,22422,2026-01-09T09:16:03.451621Z,2026-09-07T09:16:03.473767Z
1.0,RESEARCH_PAPER,arXiv (deterministic assessment fixture),https://arxiv.org/,Frontier Study 0607: Retrieval,"['Researcher 26', 'Researcher 26']",https://arxiv.org/abs/2601.00607,https://github.com/frontieratlas/paper-0607,22459,2026-01-08T09:16:03.451621Z,2026-09-07T09:16:03.473773Z
1.0,RESEARCH_PAPER,arXiv (deterministic assessment fixture),https://arxiv.org/,Frontier Study 0608: Agents,"['Researcher 27', 'Researcher 27']",https://arxiv.org/abs/2601.00608,https://github.com/frontieratlas/paper-0608,22496,2026-01-07T09:16:03.451621Z,2026-09-07T09:16:03.473778Z
1.0,RESEARCH_PAPER,arXiv (deterministic assessment fixture),https://arxiv.org/,Frontier Study 0609: Language Models,"['Researcher 28', 'Researcher 28']",https://arxiv.org/abs/2601.00609,https://github.com/frontieratlas/paper-0609,22533,2026-01-06T09:16:03.451621Z,2026-09-07T09:16:03.473784Z
1.0,RESEARCH_PAPER,arXiv (deterministic assessment fixture),https://arxiv.org/,Frontier Study 0610: Multimodal Learning,"['Researcher 29', 'Researcher 29']",https://arxiv.org/abs/2601.00610,https://github.com/frontieratlas/paper-0610,22570,2026-01-05T09:16:03.451621Z,2026-09-07T09:16:03.473791Z
1.0,RESEARCH_PAPER,arXiv (deterministic assessment fixture),https://arxiv.org/,Frontier Study 0611: Robotics,"['Researcher 30', 'Researcher 30']",https://arxiv.org/abs/2601.00611,https://github.com/frontieratlas/paper-0611,22607,2026-01-04T09:16:03.451621Z,2026-09-07T09:16:03.473798Z
1.0,RESEARCH_PAPER,arXiv (deterministic assessment fixture),https://arxiv.org/,Frontier Study 0612: Alignment,"['Researcher 31', 'Researcher 31']",https://arxiv.org/abs/2601.00612,https://github.com/frontieratlas/paper-0612,22644,2026-01-03T09:16:03.451621Z,2026-09-07T09:16:03.473805Z
1.0,RESEARCH_PAPER,arXiv (deterministic assessment fixture),https://arxiv.org/,Frontier Study 0613: Computer Vision,"['Researcher 32', 'Researcher 32']",https://arxiv.org/abs/2601.00613,https://github.com/frontieratlas/paper-0613,22681,2026-01-02T09:16:03.451621Z,2026-09-07T09:16:03.473811Z
1.0,RESEARCH_PAPER,arXiv (deterministic assessment fixture),https://arxiv.org/,Frontier Study 0614: Generative Modeling,"['Researcher 33', 'Researcher 33']",https://arxiv.org/abs/2601.00614,https://github.com/frontieratlas/paper-0614,22718,2026-01-01T09:16:03.451621Z,2026-09-07T09:16:03.473817Z
1.0,RESEARCH_PAPER,arXiv (deterministic assessment fixture),https://arxiv.org/,Frontier Study 0615: Retrieval,"['Researcher 34', 'Researcher 34']",https://arxiv.org/abs/2601.00615,https://github.com/frontieratlas/paper-0615,22755,2025-12-31T09:16:03.451621Z,2026-09-07T09:16:03.473822Z
1.0,RESEARCH_PAPER,arXiv (deterministic assessment fixture),https://arxiv.org/,Frontier Study 0616: Agents,"['Researcher 35', 'Researcher 35']",https://arxiv.org/abs/2601.00616,https://github.com/frontieratlas/paper-0616,22792,2025-12-30T09:16:03.451621Z,2026-09-07T09:16:03.473831Z
1.0,RESEARCH_PAPER,arXiv (deterministic assessment fixture),https://arxiv.org/,Frontier Study 0617: Language Models,"['Researcher 36', 'Researcher 36']",https://arxiv.org/abs/2601.00617,https://github.com/frontieratlas/paper-0617,22829,2025-12-29T09:16:03.451621Z,2026-09-07T09:16:03.473838Z
1.0,RESEARCH_PAPER,arXiv (deterministic assessment fixture),https://arxiv.org/,Frontier Study 0618: Multimodal Learning,"['Researcher 37', 'Researcher 37']",https://arxiv.org/abs/2601.00618,https://github.com/frontieratlas/paper-0618,22866,2025-12-28T09:16:03.451621Z,2026-09-07T09:16:03.473845Z
1.0,RESEARCH_PAPER,arXiv (deterministic assessment fixture),https://arxiv.org/,Frontier Study 0619: Robotics,"['Researcher 38', 'Researcher 38']",https://arxiv.org/abs/2601.00619,https://github.com/frontieratlas/paper-0619,22903,2025-12-27T09:16:03.451621Z,2026-09-07T09:16:03.473851Z
1.0,RESEARCH_PAPER,arXiv (deterministic assessment fixture),https://arxiv.org/,Frontier Study 0620: Alignment,"['Researcher 39', 'Researcher 39']",https://arxiv.org/abs/2601.00620,https://github.com/frontieratlas/paper-0620,22940,2025-12-26T09:16:03.451621Z,2026-09-07T09:16:03.473856Z
1.0,RESEARCH_PAPER,arXiv (deterministic assessment fixture),https://arxiv.org/,Frontier Study 0621: Computer Vision,"['Researcher 40', 'Researcher 40']",https://arxiv.org/abs/2601.00621,https://github.com/frontieratlas/paper-0621,22977,2025-12-25T09:16:03.451621Z,2026-09-07T09:16:03.473862Z
1.0,RESEARCH_PAPER,arXiv (deterministic assessment fixture),https://arxiv.org/,Frontier Study 0622: Generative Modeling,"['Researcher 41', 'Researcher 41']",https://arxiv.org/abs/2601.00622,https://github.com/frontieratlas/paper-0622,23014,2025-12-24T09:16:03.451621Z,2026-09-07T09:16:03.473869Z
1.0,RESEARCH_PAPER,arXiv (deterministic assessment fixture),https://arxiv.org/,Frontier Study 0623: Retrieval,"['Researcher 42', 'Researcher 42']",https://arxiv.org/abs/2601.00623,https://github.com/frontieratlas/paper-0623,23051,2025-12-23T09:16:03.451621Z,2026-09-07T09:16:03.473876Z
1.0,RESEARCH_PAPER,arXiv (deterministic assessment fixture),https://arxiv.org/,Frontier Study 0624: Agents,"['Researcher 43', 'Researcher 43']",https://arxiv.org/abs/2601.00624,https://github.com/frontieratlas/paper-0624,23088,2025-12-22T09:16:03.451621Z,2026-09-07T09:16:03.473881Z
1.0,RESEARCH_PAPER,arXiv (deterministic assessment fixture),https://arxiv.org/,Frontier Study 0625: Language Models,"['Researcher 44', 'Researcher 44']",https://arxiv.org/abs/2601.00625,https://github.com/frontieratlas/paper-0625,23125,2025-12-21T09:16:03.451621Z,2026-09-07T09:16:03.473887Z
1.0,RESEARCH_PAPER,arXiv (deterministic assessment fixture),https://arxiv.org/,Frontier Study 0626: Multimodal Learning,"['Researcher 45', 'Researcher 45']",https://arxiv.org/abs/2601.00626,https://github.com/frontieratlas/paper-0626,23162,2025-12-20T09:16:03.451621Z,2026-09-07T09:16:03.473894Z
1.0,RESEARCH_PAPER,arXiv (deterministic assessment fixture),https://arxiv.org/,Frontier Study 0627: Robotics,"['Researcher 46', 'Researcher 46']",https://arxiv.org/abs/2601.00627,https://github.com/frontieratlas/paper-0627,23199,2025-12-19T09:16:03.451621Z,2026-09-07T09:16:03.473899Z
1.0,RESEARCH_PAPER,arXiv (deterministic assessment fixture),https://arxiv.org/,Frontier Study 0628: Alignment,"['Researcher 47', 'Researcher 47']",https://arxiv.org/abs/2601.00628,https://github.com/frontieratlas/paper-0628,23236,2025-12-18T09:16:03.451621Z,2026-09-07T09:16:03.473905Z
1.0,RESEARCH_PAPER,arXiv (deterministic assessment fixture),https://arxiv.org/,Frontier Study 0629: Computer Vision,"['Researcher 48', 'Researcher 48']",https://arxiv.org/abs/2601.00629,https://github.com/frontieratlas/paper-0629,23273,2025-12-17T09:16:03.451621Z,2026-09-07T09:16:03.473913Z
1.0,RESEARCH_PAPER,arXiv (deterministic assessment fixture),https://arxiv.org/,Frontier Study 0630: Generative Modeling,"['Researcher 49', 'Researcher 49']",https://arxiv.org/abs/2601.00630,https://github.com/frontieratlas/paper-0630,23310,2025-12-16T09:16:03.451621Z,2026-09-07T09:16:03.473919Z
1.0,RESEARCH_PAPER,arXiv (deterministic assessment fixture),https://arxiv.org/,Frontier Study 0631: Retrieval,"['Researcher 50', 'Researcher 50']",https://arxiv.org/abs/2601.00631,https://github.com/frontieratlas/paper-0631,23347,2025-12-15T09:16:03.451621Z,2026-09-07T09:16:03.473925Z
1.0,RESEARCH_PAPER,arXiv (deterministic assessment fixture),https://arxiv.org/,Frontier Study 0632: Agents,"['Researcher 51', 'Researcher 51']",https://arxiv.org/abs/2601.00632,https://github.com/frontieratlas/paper-0632,23384,2025-12-14T09:16:03.451621Z,2026-09-07T09:16:03.473932Z
1.0,RESEARCH_PAPER,arXiv (deterministic assessment fixture),https://arxiv.org/,Frontier Study 0633: Language Models,"['Researcher 52', 'Researcher 52']",https://arxiv.org/abs/2601.00633,https://github.com/frontieratlas/paper-0633,23421,2025-12-13T09:16:03.451621Z,2026-09-07T09:16:03.473940Z
1.0,RESEARCH_PAPER,arXiv (deterministic assessment fixture),https://arxiv.org/,Frontier Study 0634: Multimodal Learning,"['Researcher 53', 'Researcher 53']",https://arxiv.org/abs/2601.00634,https://github.com/frontieratlas/paper-0634,23458,2025-12-12T09:16:03.451621Z,2026-09-07T09:16:03.473947Z
1.0,RESEARCH_PAPER,arXiv (deterministic assessment fixture),https://arxiv.org/,Frontier Study 0635: Robotics,"['Researcher 54', 'Researcher 54']",https://arxiv.org/abs/2601.00635,https://github.com/frontieratlas/paper-0635,23495,2025-12-11T09:16:03.451621Z,2026-09-07T09:16:03.473954Z
1.0,RESEARCH_PAPER,arXiv (deterministic assessment fixture),https://arxiv.org/,Frontier Study 0636: Alignment,"['Researcher 55', 'Researcher 2']",https://arxiv.org/abs/2601.00636,https://github.com/frontieratlas/paper-0636,23532,2025-12-10T09:16:03.451621Z,2026-09-07T09:16:03.473961Z
1.0,RESEARCH_PAPER,arXiv (deterministic assessment fixture),https://arxiv.org/,Frontier Study 0637: Computer Vision,"['Researcher 56', 'Researcher 3']",https://arxiv.org/abs/2601.00637,https://github.com/frontieratlas/paper-0637,23569,2025-12-09T09:16:03.451621Z,2026-09-07T09:16:03.473966Z
1.0,RESEARCH_PAPER,arXiv (deterministic assessment fixture),https://arxiv.org/,Frontier Study 0638: Generative Modeling,"['Researcher 57', 'Researcher 4']",https://arxiv.org/abs/2601.00638,https://github.com/frontieratlas/paper-0638,23606,2025-12-08T09:16:03.451621Z,2026-09-07T09:16:03.473972Z
1.0,RESEARCH_PAPER,arXiv (deterministic assessment fixture),https://arxiv.org/,Frontier Study 0639: Retrieval,"['Researcher 58', 'Researcher 5']",https://arxiv.org/abs/2601.00639,https://github.com/frontieratlas/paper-0639,23643,2025-12-07T09:16:03.451621Z,2026-09-07T09:16:03.473978Z
1.0,RESEARCH_PAPER,arXiv (deterministic assessment fixture),https://arxiv.org/,Frontier Study 0640: Agents,"['Researcher 59', 'Researcher 6']",https://arxiv.org/abs/2601.00640,https://github.com/frontieratlas/paper-0640,23680,2025-12-06T09:16:03.451621Z,2026-09-07T09:16:03.473983Z
1.0,RESEARCH_PAPER,arXiv (deterministic assessment fixture),https://arxiv.org/,Frontier Study 0641: Language Models,"['Researcher 60', 'Researcher 7']",https://arxiv.org/abs/2601.00641,https://github.com/frontieratlas/paper-0641,23717,2025-12-05T09:16:03.451621Z,2026-09-07T09:16:03.473990Z
1.0,RESEARCH_PAPER,arXiv (deterministic assessment fixture),https://arxiv.org/,Frontier Study 0642: Multimodal Learning,"['Researcher 61', 'Researcher 8']",https://arxiv.org/abs/2601.00642,https://github.com/frontieratlas/paper-0642,23754,2025-12-04T09:16:03.451621Z,2026-09-07T09:16:03.473997Z
1.0,RESEARCH_PAPER,arXiv (deterministic assessment fixture),https://arxiv.org/,Frontier Study 0643: Robotics,"['Researcher 62', 'Researcher 9']",https://arxiv.org/abs/2601.00643,https://github.com/frontieratlas/paper-0643,23791,2025-12-03T09:16:03.451621Z,2026-09-07T09:16:03.474003Z
1.0,RESEARCH_PAPER,arXiv (deterministic assessment fixture),https://arxiv.org/,Frontier Study 0644: Alignment,"['Researcher 63', 'Researcher 10']",https://arxiv.org/abs/2601.00644,https://github.com/frontieratlas/paper-0644,23828,2025-12-02T09:16:03.451621Z,2026-09-07T09:16:03.474008Z
1.0,RESEARCH_PAPER,arXiv (deterministic assessment fixture),https://arxiv.org/,Frontier Study 0645: Computer Vision,"['Researcher 64', 'Researcher 11']",https://arxiv.org/abs/2601.00645,https://github.com/frontieratlas/paper-0645,23865,2025-12-01T09:16:03.451621Z,2026-09-07T09:16:03.474014Z
1.0,RESEARCH_PAPER,arXiv (deterministic assessment fixture),https://arxiv.org/,Frontier Study 0646: Generative Modeling,"['Researcher 65', 'Researcher 12']",https://arxiv.org/abs/2601.00646,https://github.com/frontieratlas/paper-0646,23902,2025-11-30T09:16:03.451621Z,2026-09-07T09:16:03.474019Z
1.0,RESEARCH_PAPER,arXiv (deterministic assessment fixture),https://arxiv.org/,Frontier Study 0647: Retrieval,"['Researcher 66', 'Researcher 13']",https://arxiv.org/abs/2601.00647,https://github.com/frontieratlas/paper-0647,23939,2025-11-29T09:16:03.451621Z,2026-09-07T09:16:03.474026Z
1.0,RESEARCH_PAPER,arXiv (deterministic assessment fixture),https://arxiv.org/,Frontier Study 0648: Agents,"['Researcher 67', 'Researcher 14']",https://arxiv.org/abs/2601.00648,https://github.com/frontieratlas/paper-0648,23976,2025-11-28T09:16:03.451621Z,2026-09-07T09:16:03.474032Z
1.0,RESEARCH_PAPER,arXiv (deterministic assessment fixture),https://arxiv.org/,Frontier Study 0649: Language Models,"['Researcher 68', 'Researcher 15']",https://arxiv.org/abs/2601.00649,https://github.com/frontieratlas/paper-0649,24013,2025-11-27T09:16:03.451621Z,2026-09-07T09:16:03.474040Z
1.0,RESEARCH_PAPER,arXiv (deterministic assessment fixture),https://arxiv.org/,Frontier Study 0650: Multimodal Learning,"['Researcher 69', 'Researcher 16']",https://arxiv.org/abs/2601.00650,https://github.com/frontieratlas/paper-0650,24050,2025-11-26T09:16:03.451621Z,2026-09-07T09:16:03.474045Z
1.0,RESEARCH_PAPER,arXiv (deterministic assessment fixture),https://arxiv.org/,Frontier Study 0651: Robotics,"['Researcher 70', 'Researcher 17']",https://arxiv.org/abs/2601.00651,https://github.com/frontieratlas/paper-0651,24087,2025-11-25T09:16:03.451621Z,2026-09-07T09:16:03.474051Z
1.0,RESEARCH_PAPER,arXiv (deterministic assessment fixture),https://arxiv.org/,Frontier Study 0652: Alignment,"['Researcher 71', 'Researcher 18']",https://arxiv.org/abs/2601.00652,https://github.com/frontieratlas/paper-0652,24124,2025-11-24T09:16:03.451621Z,2026-09-07T09:16:03.474058Z
1.0,RESEARCH_PAPER,arXiv (deterministic assessment fixture),https://arxiv.org/,Frontier Study 0653: Computer Vision,"['Researcher 72', 'Researcher 19']",https://arxiv.org/abs/2601.00653,https://github.com/frontieratlas/paper-0653,24161,2025-11-23T09:16:03.451621Z,2026-09-07T09:16:03.474065Z
1.0,RESEARCH_PAPER,arXiv (deterministic assessment fixture),https://arxiv.org/,Frontier Study 0654: Generative Modeling,"['Researcher 73', 'Researcher 20']",https://arxiv.org/abs/2601.00654,https://github.com/frontieratlas/paper-0654,24198,2025-11-22T09:16:03.451621Z,2026-09-07T09:16:03.474071Z
1.0,RESEARCH_PAPER,arXiv (deterministic assessment fixture),https://arxiv.org/,Frontier Study 0655: Retrieval,"['Researcher 74', 'Researcher 21']",https://arxiv.org/abs/2601.00655,https://github.com/frontieratlas/paper-0655,24235,2025-11-21T09:16:03.451621Z,2026-09-07T09:16:03.474076Z
1.0,RESEARCH_PAPER,arXiv (deterministic assessment fixture),https://arxiv.org/,Frontier Study 0656: Agents,"['Researcher 75', 'Researcher 22']",https://arxiv.org/abs/2601.00656,https://github.com/frontieratlas/paper-0656,24272,2025-11-20T09:16:03.451621Z,2026-09-07T09:16:03.474082Z
1.0,RESEARCH_PAPER,arXiv (deterministic assessment fixture),https://arxiv.org/,Frontier Study 0657: Language Models,"['Researcher 76', 'Researcher 23']",https://arxiv.org/abs/2601.00657,https://github.com/frontieratlas/paper-0657,24309,2025-11-19T09:16:03.451621Z,2026-09-07T09:16:03.474089Z
1.0,RESEARCH_PAPER,arXiv (deterministic assessment fixture),https://arxiv.org/,Frontier Study 0658: Multimodal Learning,"['Researcher 77', 'Researcher 24']",https://arxiv.org/abs/2601.00658,https://github.com/frontieratlas/paper-0658,24346,2025-11-18T09:16:03.451621Z,2026-09-07T09:16:03.474094Z
1.0,RESEARCH_PAPER,arXiv (deterministic assessment fixture),https://arxiv.org/,Frontier Study 0659: Robotics,"['Researcher 78', 'Researcher 25']",https://arxiv.org/abs/2601.00659,https://github.com/frontieratlas/paper-0659,24383,2025-11-17T09:16:03.451621Z,2026-09-07T09:16:03.474101Z
1.0,RESEARCH_PAPER,arXiv (deterministic assessment fixture),https://arxiv.org/,Frontier Study 0660: Alignment,"['Researcher 79', 'Researcher 26']",https://arxiv.org/abs/2601.00660,https://github.com/frontieratlas/paper-0660,24420,2025-11-16T09:16:03.451621Z,2026-09-07T09:16:03.474107Z
1.0,RESEARCH_PAPER,arXiv (deterministic assessment fixture),https://arxiv.org/,Frontier Study 0661: Computer Vision,"['Researcher 80', 'Researcher 27']",https://arxiv.org/abs/2601.00661,https://github.com/frontieratlas/paper-0661,24457,2025-11-15T09:16:03.451621Z,2026-09-07T09:16:03.474113Z
1.0,RESEARCH_PAPER,arXiv (deterministic assessment fixture),https://arxiv.org/,Frontier Study 0662: Generative Modeling,"['Researcher 81', 'Researcher 28']",https://arxiv.org/abs/2601.00662,https://github.com/frontieratlas/paper-0662,24494,2025-11-14T09:16:03.451621Z,2026-09-07T09:16:03.474120Z
1.0,RESEARCH_PAPER,arXiv (deterministic assessment fixture),https://arxiv.org/,Frontier Study 0663: Retrieval,"['Researcher 82', 'Researcher 29']",https://arxiv.org/abs/2601.00663,https://github.com/frontieratlas/paper-0663,31,2025-11-13T09:16:03.451621Z,2026-09-07T09:16:03.474126Z
1.0,RESEARCH_PAPER,arXiv (deterministic assessment fixture),https://arxiv.org/,Frontier Study 0664: Agents,"['Researcher 83', 'Researcher 30']",https://arxiv.org/abs/2601.00664,https://github.com/frontieratlas/paper-0664,68,2025-11-12T09:16:03.451621Z,2026-09-07T09:16:03.474132Z
1.0,RESEARCH_PAPER,arXiv (deterministic assessment fixture),https://arxiv.org/,Frontier Study 0665: Language Models,"['Researcher 84', 'Researcher 31']",https://arxiv.org/abs/2601.00665,https://github.com/frontieratlas/paper-0665,105,2025-11-11T09:16:03.451621Z,2026-09-07T09:16:03.474142Z
1.0,RESEARCH_PAPER,arXiv (deterministic assessment fixture),https://arxiv.org/,Frontier Study 0666: Multimodal Learning,"['Researcher 85', 'Researcher 32']",https://arxiv.org/abs/2601.00666,https://github.com/frontieratlas/paper-0666,142,2025-11-10T09:16:03.451621Z,2026-09-07T09:16:03.474182Z
1.0,RESEARCH_PAPER,arXiv (deterministic assessment fixture),https://arxiv.org/,Frontier Study 0667: Robotics,"['Researcher 86', 'Researcher 33']",https://arxiv.org/abs/2601.00667,https://github.com/frontieratlas/paper-0667,179,2025-11-09T09:16:03.451621Z,2026-09-07T09:16:03.474192Z
1.0,RESEARCH_PAPER,arXiv (deterministic assessment fixture),https://arxiv.org/,Frontier Study 0668: Alignment,"['Researcher 87', 'Researcher 34']",https://arxiv.org/abs/2601.00668,https://github.com/frontieratlas/paper-0668,216,2025-11-08T09:16:03.451621Z,2026-09-07T09:16:03.474200Z
1.0,RESEARCH_PAPER,arXiv (deterministic assessment fixture),https://arxiv.org/,Frontier Study 0669: Computer Vision,"['Researcher 88', 'Researcher 35']",https://arxiv.org/abs/2601.00669,https://github.com/frontieratlas/paper-0669,253,2025-11-07T09:16:03.451621Z,2026-09-07T09:16:03.474206Z
1.0,RESEARCH_PAPER,arXiv (deterministic assessment fixture),https://arxiv.org/,Frontier Study 0670: Generative Modeling,"['Researcher 89', 'Researcher 36']",https://arxiv.org/abs/2601.00670,https://github.com/frontieratlas/paper-0670,290,2025-11-06T09:16:03.451621Z,2026-09-07T09:16:03.474213Z
1.0,RESEARCH_PAPER,arXiv (deterministic assessment fixture),https://arxiv.org/,Frontier Study 0671: Retrieval,"['Researcher 90', 'Researcher 37']",https://arxiv.org/abs/2601.00671,https://github.com/frontieratlas/paper-0671,327,2025-11-05T09:16:03.451621Z,2026-09-07T09:16:03.474220Z
1.0,RESEARCH_PAPER,arXiv (deterministic assessment fixture),https://arxiv.org/,Frontier Study 0672: Agents,"['Researcher 91', 'Researcher 38']",https://arxiv.org/abs/2601.00672,https://github.com/frontieratlas/paper-0672,364,2025-11-04T09:16:03.451621Z,2026-09-07T09:16:03.474231Z
1.0,RESEARCH_PAPER,arXiv (deterministic assessment fixture),https://arxiv.org/,Frontier Study 0673: Language Models,"['Researcher 92', 'Researcher 39']",https://arxiv.org/abs/2601.00673,https://github.com/frontieratlas/paper-0673,401,2025-11-03T09:16:03.451621Z,2026-09-07T09:16:03.474237Z
1.0,RESEARCH_PAPER,arXiv (deterministic assessment fixture),https://arxiv.org/,Frontier Study 0674: Multimodal Learning,"['Researcher 93', 'Researcher 40']",https://arxiv.org/abs/2601.00674,https://github.com/frontieratlas/paper-0674,438,2025-11-02T09:16:03.451621Z,2026-09-07T09:16:03.474243Z
1.0,RESEARCH_PAPER,arXiv (deterministic assessment fixture),https://arxiv.org/,Frontier Study 0675: Robotics,"['Researcher 94', 'Researcher 41']",https://arxiv.org/abs/2601.00675,https://github.com/frontieratlas/paper-0675,475,2025-11-01T09:16:03.451621Z,2026-09-07T09:16:03.474248Z
1.0,RESEARCH_PAPER,arXiv (deterministic assessment fixture),https://arxiv.org/,Frontier Study 0676: Alignment,"['Researcher 95', 'Researcher 42']",https://arxiv.org/abs/2601.00676,https://github.com/frontieratlas/paper-0676,512,2025-10-31T09:16:03.451621Z,2026-09-07T09:16:03.474254Z
1.0,RESEARCH_PAPER,arXiv (deterministic assessment fixture),https://arxiv.org/,Frontier Study 0677: Computer Vision,"['Researcher 96', 'Researcher 43']",https://arxiv.org/abs/2601.00677,https://github.com/frontieratlas/paper-0677,549,2025-10-30T09:16:03.451621Z,2026-09-07T09:16:03.474260Z
1.0,RESEARCH_PAPER,arXiv (deterministic assessment fixture),https://arxiv.org/,Frontier Study 0678: Generative Modeling,"['Researcher 97', 'Researcher 44']",https://arxiv.org/abs/2601.00678,https://github.com/frontieratlas/paper-0678,586,2025-10-29T09:16:03.451621Z,2026-09-07T09:16:03.474266Z
1.0,RESEARCH_PAPER,arXiv (deterministic assessment fixture),https://arxiv.org/,Frontier Study 0679: Retrieval,"['Researcher 1', 'Researcher 45']",https://arxiv.org/abs/2601.00679,https://github.com/frontieratlas/paper-0679,623,2025-10-28T09:16:03.451621Z,2026-09-07T09:16:03.474272Z
1.0,RESEARCH_PAPER,arXiv (deterministic assessment fixture),https://arxiv.org/,Frontier Study 0680: Agents,"['Researcher 2', 'Researcher 46']",https://arxiv.org/abs/2601.00680,https://github.com/frontieratlas/paper-0680,660,2025-10-27T09:16:03.451621Z,2026-09-07T09:16:03.474279Z
1.0,RESEARCH_PAPER,arXiv (deterministic assessment fixture),https://arxiv.org/,Frontier Study 0681: Language Models,"['Researcher 3', 'Researcher 47']",https://arxiv.org/abs/2601.00681,https://github.com/frontieratlas/paper-0681,697,2025-10-26T09:16:03.451621Z,2026-09-07T09:16:03.474286Z
1.0,RESEARCH_PAPER,arXiv (deterministic assessment fixture),https://arxiv.org/,Frontier Study 0682: Multimodal Learning,"['Researcher 4', 'Researcher 48']",https://arxiv.org/abs/2601.00682,https://github.com/frontieratlas/paper-0682,734,2025-10-25T09:16:03.451621Z,2026-09-07T09:16:03.474293Z
1.0,RESEARCH_PAPER,arXiv (deterministic assessment fixture),https://arxiv.org/,Frontier Study 0683: Robotics,"['Researcher 5', 'Researcher 49']",https://arxiv.org/abs/2601.00683,https://github.com/frontieratlas/paper-0683,771,2025-10-24T09:16:03.451621Z,2026-09-07T09:16:03.474300Z
1.0,RESEARCH_PAPER,arXiv (deterministic assessment fixture),https://arxiv.org/,Frontier Study 0684: Alignment,"['Researcher 6', 'Researcher 50']",https://arxiv.org/abs/2601.00684,https://github.com/frontieratlas/paper-0684,808,2025-10-23T09:16:03.451621Z,2026-09-07T09:16:03.474306Z
1.0,RESEARCH_PAPER,arXiv (deterministic assessment fixture),https://arxiv.org/,Frontier Study 0685: Computer Vision,"['Researcher 7', 'Researcher 51']",https://arxiv.org/abs/2601.00685,https://github.com/frontieratlas/paper-0685,845,2025-10-22T09:16:03.451621Z,2026-09-07T09:16:03.474311Z
1.0,RESEARCH_PAPER,arXiv (deterministic assessment fixture),https://arxiv.org/,Frontier Study 0686: Generative Modeling,"['Researcher 8', 'Researcher 52']",https://arxiv.org/abs/2601.00686,https://github.com/frontieratlas/paper-0686,882,2025-10-21T09:16:03.451621Z,2026-09-07T09:16:03.474317Z
1.0,RESEARCH_PAPER,arXiv (deterministic assessment fixture),https://arxiv.org/,Frontier Study 0687: Retrieval,"['Researcher 9', 'Researcher 53']",https://arxiv.org/abs/2601.00687,https://github.com/frontieratlas/paper-0687,919,2025-10-20T09:16:03.451621Z,2026-09-07T09:16:03.474323Z
1.0,RESEARCH_PAPER,arXiv (deterministic assessment fixture),https://arxiv.org/,Frontier Study 0688: Agents,"['Researcher 10', 'Researcher 54']",https://arxiv.org/abs/2601.00688,https://github.com/frontieratlas/paper-0688,956,2025-10-19T09:16:03.451621Z,2026-09-07T09:16:03.474330Z
1.0,RESEARCH_PAPER,arXiv (deterministic assessment fixture),https://arxiv.org/,Frontier Study 0689: Language Models,"['Researcher 11', 'Researcher 2']",https://arxiv.org/abs/2601.00689,https://github.com/frontieratlas/paper-0689,993,2025-10-18T09:16:03.451621Z,2026-09-07T09:16:03.474335Z
1.0,RESEARCH_PAPER,arXiv (deterministic assessment fixture),https://arxiv.org/,Frontier Study 0690: Multimodal Learning,"['Researcher 12', 'Researcher 3']",https://arxiv.org/abs/2601.00690,https://github.com/frontieratlas/paper-0690,1030,2025-10-17T09:16:03.451621Z,2026-09-07T09:16:03.474341Z
1.0,RESEARCH_PAPER,arXiv (deterministic assessment fixture),https://arxiv.org/,Frontier Study 0691: Robotics,"['Researcher 13', 'Researcher 4']",https://arxiv.org/abs/2601.00691,https://github.com/frontieratlas/paper-0691,1067,2025-10-16T09:16:03.451621Z,2026-09-07T09:16:03.474348Z
1.0,RESEARCH_PAPER,arXiv (deterministic assessment fixture),https://arxiv.org/,Frontier Study 0692: Alignment,"['Researcher 14', 'Researcher 5']",https://arxiv.org/abs/2601.00692,https://github.com/frontieratlas/paper-0692,1104,2025-10-15T09:16:03.451621Z,2026-09-07T09:16:03.474355Z
1.0,RESEARCH_PAPER,arXiv (deterministic assessment fixture),https://arxiv.org/,Frontier Study 0693: Computer Vision,"['Researcher 15', 'Researcher 6']",https://arxiv.org/abs/2601.00693,https://github.com/frontieratlas/paper-0693,1141,2025-10-14T09:16:03.451621Z,2026-09-07T09:16:03.474361Z
1.0,RESEARCH_PAPER,arXiv (deterministic assessment fixture),https://arxiv.org/,Frontier Study 0694: Generative Modeling,"['Researcher 16', 'Researcher 7']",https://arxiv.org/abs/2601.00694,https://github.com/frontieratlas/paper-0694,1178,2025-10-13T09:16:03.451621Z,2026-09-07T09:16:03.474366Z
1.0,RESEARCH_PAPER,arXiv (deterministic assessment fixture),https://arxiv.org/,Frontier Study 0695: Retrieval,"['Researcher 17', 'Researcher 8']",https://arxiv.org/abs/2601.00695,https://github.com/frontieratlas/paper-0695,1215,2025-10-12T09:16:03.451621Z,2026-09-07T09:16:03.474372Z
1.0,RESEARCH_PAPER,arXiv (deterministic assessment fixture),https://arxiv.org/,Frontier Study 0696: Agents,"['Researcher 18', 'Researcher 9']",https://arxiv.org/abs/2601.00696,https://github.com/frontieratlas/paper-0696,1252,2025-10-11T09:16:03.451621Z,2026-09-07T09:16:03.474379Z
1.0,RESEARCH_PAPER,arXiv (deterministic assessment fixture),https://arxiv.org/,Frontier Study 0697: Language Models,"['Researcher 19', 'Researcher 10']",https://arxiv.org/abs/2601.00697,https://github.com/frontieratlas/paper-0697,1289,2025-10-10T09:16:03.451621Z,2026-09-07T09:16:03.474388Z
1.0,RESEARCH_PAPER,arXiv (deterministic assessment fixture),https://arxiv.org/,Frontier Study 0698: Multimodal Learning,"['Researcher 20', 'Researcher 11']",https://arxiv.org/abs/2601.00698,https://github.com/frontieratlas/paper-0698,1326,2025-10-09T09:16:03.451621Z,2026-09-07T09:16:03.474394Z
1.0,RESEARCH_PAPER,arXiv (deterministic assessment fixture),https://arxiv.org/,Frontier Study 0699: Robotics,"['Researcher 21', 'Researcher 12']",https://arxiv.org/abs/2601.00699,https://github.com/frontieratlas/paper-0699,1363,2025-10-08T09:16:03.451621Z,2026-09-07T09:16:03.474399Z
1.0,RESEARCH_PAPER,arXiv (deterministic assessment fixture),https://arxiv.org/,Frontier Study 0700: Alignment,"['Researcher 22', 'Researcher 13']",https://arxiv.org/abs/2601.00700,https://github.com/frontieratlas/paper-0700,1400,2025-10-07T09:16:03.451621Z,2026-09-07T09:16:03.474405Z
1.0,RESEARCH_PAPER,arXiv (deterministic assessment fixture),https://arxiv.org/,Frontier Study 0701: Computer Vision,"['Researcher 23', 'Researcher 14']",https://arxiv.org/abs/2601.00701,https://github.com/frontieratlas/paper-0701,1437,2025-10-06T09:16:03.451621Z,2026-09-07T09:16:03.480052Z
1.0,RESEARCH_PAPER,arXiv (deterministic assessment fixture),https://arxiv.org/,Frontier Study 0702: Generative Modeling,"['Researcher 24', 'Researcher 15']",https://arxiv.org/abs/2601.00702,https://github.com/frontieratlas/paper-0702,1474,2025-10-05T09:16:03.451621Z,2026-09-07T09:16:03.480062Z
1.0,RESEARCH_PAPER,arXiv (deterministic assessment fixture),https://arxiv.org/,Frontier Study 0703: Retrieval,"['Researcher 25', 'Researcher 16']",https://arxiv.org/abs/2601.00703,https://github.com/frontieratlas/paper-0703,1511,2025-10-04T09:16:03.451621Z,2026-09-07T09:16:03.480068Z
1.0,RESEARCH_PAPER,arXiv (deterministic assessment fixture),https://arxiv.org/,Frontier Study 0704: Agents,"['Researcher 26', 'Researcher 17']",https://arxiv.org/abs/2601.00704,https://github.com/frontieratlas/paper-0704,1548,2025-10-03T09:16:03.451621Z,2026-09-07T09:16:03.480074Z
1.0,RESEARCH_PAPER,arXiv (deterministic assessment fixture),https://arxiv.org/,Frontier Study 0705: Language Models,"['Researcher 27', 'Researcher 18']",https://arxiv.org/abs/2601.00705,https://github.com/frontieratlas/paper-0705,1585,2025-10-02T09:16:03.451621Z,2026-09-07T09:16:03.480080Z
1.0,RESEARCH_PAPER,arXiv (deterministic assessment fixture),https://arxiv.org/,Frontier Study 0706: Multimodal Learning,"['Researcher 28', 'Researcher 19']",https://arxiv.org/abs/2601.00706,https://github.com/frontieratlas/paper-0706,1622,2025-10-01T09:16:03.451621Z,2026-09-07T09:16:03.480089Z
1.0,RESEARCH_PAPER,arXiv (deterministic assessment fixture),https://arxiv.org/,Frontier Study 0707: Robotics,"['Researcher 29', 'Researcher 20']",https://arxiv.org/abs/2601.00707,https://github.com/frontieratlas/paper-0707,1659,2025-09-30T09:16:03.451621Z,2026-09-07T09:16:03.480095Z
1.0,RESEARCH_PAPER,arXiv (deterministic assessment fixture),https://arxiv.org/,Frontier Study 0708: Alignment,"['Researcher 30', 'Researcher 21']",https://arxiv.org/abs/2601.00708,https://github.com/frontieratlas/paper-0708,1696,2025-09-29T09:16:03.451621Z,2026-09-07T09:16:03.480101Z
1.0,RESEARCH_PAPER,arXiv (deterministic assessment fixture),https://arxiv.org/,Frontier Study 0709: Computer Vision,"['Researcher 31', 'Researcher 22']",https://arxiv.org/abs/2601.00709,https://github.com/frontieratlas/paper-0709,1733,2025-09-28T09:16:03.451621Z,2026-09-07T09:16:03.480107Z
1.0,RESEARCH_PAPER,arXiv (deterministic assessment fixture),https://arxiv.org/,Frontier Study 0710: Generative Modeling,"['Researcher 32', 'Researcher 23']",https://arxiv.org/abs/2601.00710,https://github.com/frontieratlas/paper-0710,1770,2025-09-27T09:16:03.451621Z,2026-09-07T09:16:03.480112Z
1.0,RESEARCH_PAPER,arXiv (deterministic assessment fixture),https://arxiv.org/,Frontier Study 0711: Retrieval,"['Researcher 33', 'Researcher 24']",https://arxiv.org/abs/2601.00711,https://github.com/frontieratlas/paper-0711,1807,2025-09-26T09:16:03.451621Z,2026-09-07T09:16:03.480118Z
1.0,RESEARCH_PAPER,arXiv (deterministic assessment fixture),https://arxiv.org/,Frontier Study 0712: Agents,"['Researcher 34', 'Researcher 25']",https://arxiv.org/abs/2601.00712,https://github.com/frontieratlas/paper-0712,1844,2025-09-25T09:16:03.451621Z,2026-09-07T09:16:03.480125Z
1.0,RESEARCH_PAPER,arXiv (deterministic assessment fixture),https://arxiv.org/,Frontier Study 0713: Language Models,"['Researcher 35', 'Researcher 26']",https://arxiv.org/abs/2601.00713,https://github.com/frontieratlas/paper-0713,1881,2025-09-24T09:16:03.451621Z,2026-09-07T09:16:03.480134Z
1.0,RESEARCH_PAPER,arXiv (deterministic assessment fixture),https://arxiv.org/,Frontier Study 0714: Multimodal Learning,"['Researcher 36', 'Researcher 27']",https://arxiv.org/abs/2601.00714,https://github.com/frontieratlas/paper-0714,1918,2025-09-23T09:16:03.451621Z,2026-09-07T09:16:03.480140Z
1.0,RESEARCH_PAPER,arXiv (deterministic assessment fixture),https://arxiv.org/,Frontier Study 0715: Robotics,"['Researcher 37', 'Researcher 28']",https://arxiv.org/abs/2601.00715,https://github.com/frontieratlas/paper-0715,1955,2025-09-22T09:16:03.451621Z,2026-09-07T09:16:03.480147Z
1.0,RESEARCH_PAPER,arXiv (deterministic assessment fixture),https://arxiv.org/,Frontier Study 0716: Alignment,"['Researcher 38', 'Researcher 29']",https://arxiv.org/abs/2601.00716,https://github.com/frontieratlas/paper-0716,1992,2025-09-21T09:16:03.451621Z,2026-09-07T09:16:03.480153Z
1.0,RESEARCH_PAPER,arXiv (deterministic assessment fixture),https://arxiv.org/,Frontier Study 0717: Computer Vision,"['Researcher 39', 'Researcher 30']",https://arxiv.org/abs/2601.00717,https://github.com/frontieratlas/paper-0717,2029,2025-09-20T09:16:03.451621Z,2026-09-07T09:16:03.480158Z
1.0,RESEARCH_PAPER,arXiv (deterministic assessment fixture),https://arxiv.org/,Frontier Study 0718: Generative Modeling,"['Researcher 40', 'Researcher 31']",https://arxiv.org/abs/2601.00718,https://github.com/frontieratlas/paper-0718,2066,2025-09-19T09:16:03.451621Z,2026-09-07T09:16:03.480164Z
1.0,RESEARCH_PAPER,arXiv (deterministic assessment fixture),https://arxiv.org/,Frontier Study 0719: Retrieval,"['Researcher 41', 'Researcher 32']",https://arxiv.org/abs/2601.00719,https://github.com/frontieratlas/paper-0719,2103,2025-09-18T09:16:03.451621Z,2026-09-07T09:16:03.480170Z
1.0,RESEARCH_PAPER,arXiv (deterministic assessment fixture),https://arxiv.org/,Frontier Study 0720: Agents,"['Researcher 42', 'Researcher 33']",https://arxiv.org/abs/2601.00720,https://github.com/frontieratlas/paper-0720,2140,2025-09-17T09:16:03.451621Z,2026-09-07T09:16:03.480175Z
1.0,RESEARCH_PAPER,arXiv (deterministic assessment fixture),https://arxiv.org/,Frontier Study 0721: Language Models,"['Researcher 43', 'Researcher 34']",https://arxiv.org/abs/2601.00721,https://github.com/frontieratlas/paper-0721,2177,2025-09-16T09:16:03.451621Z,2026-09-07T09:16:03.480182Z
1.0,RESEARCH_PAPER,arXiv (deterministic assessment fixture),https://arxiv.org/,Frontier Study 0722: Multimodal Learning,"['Researcher 44', 'Researcher 35']",https://arxiv.org/abs/2601.00722,https://github.com/frontieratlas/paper-0722,2214,2025-09-15T09:16:03.451621Z,2026-09-07T09:16:03.480191Z
1.0,RESEARCH_PAPER,arXiv (deterministic assessment fixture),https://arxiv.org/,Frontier Study 0723: Robotics,"['Researcher 45', 'Researcher 36']",https://arxiv.org/abs/2601.00723,https://github.com/frontieratlas/paper-0723,2251,2025-09-14T09:16:03.451621Z,2026-09-07T09:16:03.480197Z
1.0,RESEARCH_PAPER,arXiv (deterministic assessment fixture),https://arxiv.org/,Frontier Study 0724: Alignment,"['Researcher 46', 'Researcher 37']",https://arxiv.org/abs/2601.00724,https://github.com/frontieratlas/paper-0724,2288,2025-09-13T09:16:03.451621Z,2026-09-07T09:16:03.480203Z
1.0,RESEARCH_PAPER,arXiv (deterministic assessment fixture),https://arxiv.org/,Frontier Study 0725: Computer Vision,"['Researcher 47', 'Researcher 38']",https://arxiv.org/abs/2601.00725,https://github.com/frontieratlas/paper-0725,2325,2025-09-12T09:16:03.451621Z,2026-09-07T09:16:03.480208Z
1.0,RESEARCH_PAPER,arXiv (deterministic assessment fixture),https://arxiv.org/,Frontier Study 0726: Generative Modeling,"['Researcher 48', 'Researcher 39']",https://arxiv.org/abs/2601.00726,https://github.com/frontieratlas/paper-0726,2362,2025-09-11T09:16:03.451621Z,2026-09-07T09:16:03.480214Z
1.0,RESEARCH_PAPER,arXiv (deterministic assessment fixture),https://arxiv.org/,Frontier Study 0727: Retrieval,"['Researcher 49', 'Researcher 40']",https://arxiv.org/abs/2601.00727,https://github.com/frontieratlas/paper-0727,2399,2025-09-10T09:16:03.451621Z,2026-09-07T09:16:03.480220Z
1.0,RESEARCH_PAPER,arXiv (deterministic assessment fixture),https://arxiv.org/,Frontier Study 0728: Agents,"['Researcher 50', 'Researcher 41']",https://arxiv.org/abs/2601.00728,https://github.com/frontieratlas/paper-0728,2436,2025-09-09T09:16:03.451621Z,2026-09-07T09:16:03.480225Z
1.0,RESEARCH_PAPER,arXiv (deterministic assessment fixture),https://arxiv.org/,Frontier Study 0729: Language Models,"['Researcher 51', 'Researcher 42']",https://arxiv.org/abs/2601.00729,https://github.com/frontieratlas/paper-0729,2473,2025-09-08T09:16:03.451621Z,2026-09-07T09:16:03.480242Z
1.0,RESEARCH_PAPER,arXiv (deterministic assessment fixture),https://arxiv.org/,Frontier Study 0730: Multimodal Learning,"['Researcher 52', 'Researcher 43']",https://arxiv.org/abs/2601.00730,https://github.com/frontieratlas/paper-0730,2510,2026-09-07T09:16:03.451621Z,2026-09-07T09:16:03.480248Z
1.0,RESEARCH_PAPER,arXiv (deterministic assessment fixture),https://arxiv.org/,Frontier Study 0731: Robotics,"['Researcher 53', 'Researcher 44']",https://arxiv.org/abs/2601.00731,https://github.com/frontieratlas/paper-0731,2547,2026-09-06T09:16:03.451621Z,2026-09-07T09:16:03.480254Z
1.0,RESEARCH_PAPER,arXiv (deterministic assessment fixture),https://arxiv.org/,Frontier Study 0732: Alignment,"['Researcher 54', 'Researcher 45']",https://arxiv.org/abs/2601.00732,https://github.com/frontieratlas/paper-0732,2584,2026-09-05T09:16:03.451621Z,2026-09-07T09:16:03.480264Z
1.0,RESEARCH_PAPER,arXiv (deterministic assessment fixture),https://arxiv.org/,Frontier Study 0733: Computer Vision,"['Researcher 55', 'Researcher 46']",https://arxiv.org/abs/2601.00733,https://github.com/frontieratlas/paper-0733,2621,2026-09-04T09:16:03.451621Z,2026-09-07T09:16:03.480271Z
1.0,RESEARCH_PAPER,arXiv (deterministic assessment fixture),https://arxiv.org/,Frontier Study 0734: Generative Modeling,"['Researcher 56', 'Researcher 47']",https://arxiv.org/abs/2601.00734,https://github.com/frontieratlas/paper-0734,2658,2026-09-03T09:16:03.451621Z,2026-09-07T09:16:03.480277Z
1.0,RESEARCH_PAPER,arXiv (deterministic assessment fixture),https://arxiv.org/,Frontier Study 0735: Retrieval,"['Researcher 57', 'Researcher 48']",https://arxiv.org/abs/2601.00735,https://github.com/frontieratlas/paper-0735,2695,2026-09-02T09:16:03.451621Z,2026-09-07T09:16:03.480282Z
1.0,RESEARCH_PAPER,arXiv (deterministic assessment fixture),https://arxiv.org/,Frontier Study 0736: Agents,"['Researcher 58', 'Researcher 49']",https://arxiv.org/abs/2601.00736,https://github.com/frontieratlas/paper-0736,2732,2026-09-01T09:16:03.451621Z,2026-09-07T09:16:03.480288Z
1.0,RESEARCH_PAPER,arXiv (deterministic assessment fixture),https://arxiv.org/,Frontier Study 0737: Language Models,"['Researcher 59', 'Researcher 50']",https://arxiv.org/abs/2601.00737,https://github.com/frontieratlas/paper-0737,2769,2026-08-31T09:16:03.451621Z,2026-09-07T09:16:03.480295Z
1.0,RESEARCH_PAPER,arXiv (deterministic assessment fixture),https://arxiv.org/,Frontier Study 0738: Multimodal Learning,"['Researcher 60', 'Researcher 51']",https://arxiv.org/abs/2601.00738,https://github.com/frontieratlas/paper-0738,2806,2026-08-30T09:16:03.451621Z,2026-09-07T09:16:03.480302Z
1.0,RESEARCH_PAPER,arXiv (deterministic assessment fixture),https://arxiv.org/,Frontier Study 0739: Robotics,"['Researcher 61', 'Researcher 52']",https://arxiv.org/abs/2601.00739,https://github.com/frontieratlas/paper-0739,2843,2026-08-29T09:16:03.451621Z,2026-09-07T09:16:03.480308Z
1.0,RESEARCH_PAPER,arXiv (deterministic assessment fixture),https://arxiv.org/,Frontier Study 0740: Alignment,"['Researcher 62', 'Researcher 53']",https://arxiv.org/abs/2601.00740,https://github.com/frontieratlas/paper-0740,2880,2026-08-28T09:16:03.451621Z,2026-09-07T09:16:03.480314Z
1.0,RESEARCH_PAPER,arXiv (deterministic assessment fixture),https://arxiv.org/,Frontier Study 0741: Computer Vision,"['Researcher 63', 'Researcher 54']",https://arxiv.org/abs/2601.00741,https://github.com/frontieratlas/paper-0741,2917,2026-08-27T09:16:03.451621Z,2026-09-07T09:16:03.480320Z
1.0,RESEARCH_PAPER,arXiv (deterministic assessment fixture),https://arxiv.org/,Frontier Study 0742: Generative Modeling,"['Researcher 64', 'Researcher 2']",https://arxiv.org/abs/2601.00742,https://github.com/frontieratlas/paper-0742,2954,2026-08-26T09:16:03.451621Z,2026-09-07T09:16:03.480329Z
1.0,RESEARCH_PAPER,arXiv (deterministic assessment fixture),https://arxiv.org/,Frontier Study 0743: Retrieval,"['Researcher 65', 'Researcher 3']",https://arxiv.org/abs/2601.00743,https://github.com/frontieratlas/paper-0743,2991,2026-08-25T09:16:03.451621Z,2026-09-07T09:16:03.480336Z
1.0,RESEARCH_PAPER,arXiv (deterministic assessment fixture),https://arxiv.org/,Frontier Study 0744: Agents,"['Researcher 66', 'Researcher 4']",https://arxiv.org/abs/2601.00744,https://github.com/frontieratlas/paper-0744,3028,2026-08-24T09:16:03.451621Z,2026-09-07T09:16:03.480343Z
1.0,RESEARCH_PAPER,arXiv (deterministic assessment fixture),https://arxiv.org/,Frontier Study 0745: Language Models,"['Researcher 67', 'Researcher 5']",https://arxiv.org/abs/2601.00745,https://github.com/frontieratlas/paper-0745,3065,2026-08-23T09:16:03.451621Z,2026-09-07T09:16:03.480349Z
1.0,RESEARCH_PAPER,arXiv (deterministic assessment fixture),https://arxiv.org/,Frontier Study 0746: Multimodal Learning,"['Researcher 68', 'Researcher 6']",https://arxiv.org/abs/2601.00746,https://github.com/frontieratlas/paper-0746,3102,2026-08-22T09:16:03.451621Z,2026-09-07T09:16:03.480354Z
1.0,RESEARCH_PAPER,arXiv (deterministic assessment fixture),https://arxiv.org/,Frontier Study 0747: Robotics,"['Researcher 69', 'Researcher 7']",https://arxiv.org/abs/2601.00747,https://github.com/frontieratlas/paper-0747,3139,2026-08-21T09:16:03.451621Z,2026-09-07T09:16:03.480360Z
1.0,RESEARCH_PAPER,arXiv (deterministic assessment fixture),https://arxiv.org/,Frontier Study 0748: Alignment,"['Researcher 70', 'Researcher 8']",https://arxiv.org/abs/2601.00748,https://github.com/frontieratlas/paper-0748,3176,2026-08-20T09:16:03.451621Z,2026-09-07T09:16:03.480366Z
1.0,RESEARCH_PAPER,arXiv (deterministic assessment fixture),https://arxiv.org/,Frontier Study 0749: Computer Vision,"['Researcher 71', 'Researcher 9']",https://arxiv.org/abs/2601.00749,https://github.com/frontieratlas/paper-0749,3213,2026-08-19T09:16:03.451621Z,2026-09-07T09:16:03.480371Z
1.0,RESEARCH_PAPER,arXiv (deterministic assessment fixture),https://arxiv.org/,Frontier Study 0750: Generative Modeling,"['Researcher 72', 'Researcher 10']",https://arxiv.org/abs/2601.00750,https://github.com/frontieratlas/paper-0750,3250,2026-08-18T09:16:03.451621Z,2026-09-07T09:16:03.480377Z
1.0,RESEARCH_PAPER,arXiv (deterministic assessment fixture),https://arxiv.org/,Frontier Study 0751: Retrieval,"['Researcher 73', 'Researcher 11']",https://arxiv.org/abs/2601.00751,https://github.com/frontieratlas/paper-0751,3287,2026-08-17T09:16:03.451621Z,2026-09-07T09:16:03.480386Z
1.0,RESEARCH_PAPER,arXiv (deterministic assessment fixture),https://arxiv.org/,Frontier Study 0752: Agents,"['Researcher 74', 'Researcher 12']",https://arxiv.org/abs/2601.00752,https://github.com/frontieratlas/paper-0752,3324,2026-08-16T09:16:03.451621Z,2026-09-07T09:16:03.480394Z
1.0,RESEARCH_PAPER,arXiv (deterministic assessment fixture),https://arxiv.org/,Frontier Study 0753: Language Models,"['Researcher 75', 'Researcher 13']",https://arxiv.org/abs/2601.00753,https://github.com/frontieratlas/paper-0753,3361,2026-08-15T09:16:03.451621Z,2026-09-07T09:16:03.480400Z
1.0,RESEARCH_PAPER,arXiv (deterministic assessment fixture),https://arxiv.org/,Frontier Study 0754: Multimodal Learning,"['Researcher 76', 'Researcher 14']",https://arxiv.org/abs/2601.00754,https://github.com/frontieratlas/paper-0754,3398,2026-08-14T09:16:03.451621Z,2026-09-07T09:16:03.480406Z
1.0,RESEARCH_PAPER,arXiv (deterministic assessment fixture),https://arxiv.org/,Frontier Study 0755: Robotics,"['Researcher 77', 'Researcher 15']",https://arxiv.org/abs/2601.00755,https://github.com/frontieratlas/paper-0755,3435,2026-08-13T09:16:03.451621Z,2026-09-07T09:16:03.480412Z
1.0,RESEARCH_PAPER,arXiv (deterministic assessment fixture),https://arxiv.org/,Frontier Study 0756: Alignment,"['Researcher 78', 'Researcher 16']",https://arxiv.org/abs/2601.00756,https://github.com/frontieratlas/paper-0756,3472,2026-08-12T09:16:03.451621Z,2026-09-07T09:16:03.480418Z
1.0,RESEARCH_PAPER,arXiv (deterministic assessment fixture),https://arxiv.org/,Frontier Study 0757: Computer Vision,"['Researcher 79', 'Researcher 17']",https://arxiv.org/abs/2601.00757,https://github.com/frontieratlas/paper-0757,3509,2026-08-11T09:16:03.451621Z,2026-09-07T09:16:03.480423Z
1.0,RESEARCH_PAPER,arXiv (deterministic assessment fixture),https://arxiv.org/,Frontier Study 0758: Generative Modeling,"['Researcher 80', 'Researcher 18']",https://arxiv.org/abs/2601.00758,https://github.com/frontieratlas/paper-0758,3546,2026-08-10T09:16:03.451621Z,2026-09-07T09:16:03.480429Z
1.0,RESEARCH_PAPER,arXiv (deterministic assessment fixture),https://arxiv.org/,Frontier Study 0759: Retrieval,"['Researcher 81', 'Researcher 19']",https://arxiv.org/abs/2601.00759,https://github.com/frontieratlas/paper-0759,3583,2026-08-09T09:16:03.451621Z,2026-09-07T09:16:03.480434Z
1.0,RESEARCH_PAPER,arXiv (deterministic assessment fixture),https://arxiv.org/,Frontier Study 0760: Agents,"['Researcher 82', 'Researcher 20']",https://arxiv.org/abs/2601.00760,https://github.com/frontieratlas/paper-0760,3620,2026-08-08T09:16:03.451621Z,2026-09-07T09:16:03.480441Z
1.0,RESEARCH_PAPER,arXiv (deterministic assessment fixture),https://arxiv.org/,Frontier Study 0761: Language Models,"['Researcher 83', 'Researcher 21']",https://arxiv.org/abs/2601.00761,https://github.com/frontieratlas/paper-0761,3657,2026-08-07T09:16:03.451621Z,2026-09-07T09:16:03.480447Z
1.0,RESEARCH_PAPER,arXiv (deterministic assessment fixture),https://arxiv.org/,Frontier Study 0762: Multimodal Learning,"['Researcher 84', 'Researcher 22']",https://arxiv.org/abs/2601.00762,https://github.com/frontieratlas/paper-0762,3694,2026-08-06T09:16:03.451621Z,2026-09-07T09:16:03.480456Z
1.0,RESEARCH_PAPER,arXiv (deterministic assessment fixture),https://arxiv.org/,Frontier Study 0763: Robotics,"['Researcher 85', 'Researcher 23']",https://arxiv.org/abs/2601.00763,https://github.com/frontieratlas/paper-0763,3731,2026-08-05T09:16:03.451621Z,2026-09-07T09:16:03.480462Z
1.0,RESEARCH_PAPER,arXiv (deterministic assessment fixture),https://arxiv.org/,Frontier Study 0764: Alignment,"['Researcher 86', 'Researcher 24']",https://arxiv.org/abs/2601.00764,https://github.com/frontieratlas/paper-0764,3768,2026-08-04T09:16:03.451621Z,2026-09-07T09:16:03.480470Z
1.0,RESEARCH_PAPER,arXiv (deterministic assessment fixture),https://arxiv.org/,Frontier Study 0765: Computer Vision,"['Researcher 87', 'Researcher 25']",https://arxiv.org/abs/2601.00765,https://github.com/frontieratlas/paper-0765,3805,2026-08-03T09:16:03.451621Z,2026-09-07T09:16:03.480476Z
1.0,RESEARCH_PAPER,arXiv (deterministic assessment fixture),https://arxiv.org/,Frontier Study 0766: Generative Modeling,"['Researcher 88', 'Researcher 26']",https://arxiv.org/abs/2601.00766,https://github.com/frontieratlas/paper-0766,3842,2026-08-02T09:16:03.451621Z,2026-09-07T09:16:03.480481Z
1.0,RESEARCH_PAPER,arXiv (deterministic assessment fixture),https://arxiv.org/,Frontier Study 0767: Retrieval,"['Researcher 89', 'Researcher 27']",https://arxiv.org/abs/2601.00767,https://github.com/frontieratlas/paper-0767,3879,2026-08-01T09:16:03.451621Z,2026-09-07T09:16:03.480487Z
1.0,RESEARCH_PAPER,arXiv (deterministic assessment fixture),https://arxiv.org/,Frontier Study 0768: Agents,"['Researcher 90', 'Researcher 28']",https://arxiv.org/abs/2601.00768,https://github.com/frontieratlas/paper-0768,3916,2026-07-31T09:16:03.451621Z,2026-09-07T09:16:03.480494Z
1.0,RESEARCH_PAPER,arXiv (deterministic assessment fixture),https://arxiv.org/,Frontier Study 0769: Language Models,"['Researcher 91', 'Researcher 29']",https://arxiv.org/abs/2601.00769,https://github.com/frontieratlas/paper-0769,3953,2026-07-30T09:16:03.451621Z,2026-09-07T09:16:03.480502Z
1.0,RESEARCH_PAPER,arXiv (deterministic assessment fixture),https://arxiv.org/,Frontier Study 0770: Multimodal Learning,"['Researcher 92', 'Researcher 30']",https://arxiv.org/abs/2601.00770,https://github.com/frontieratlas/paper-0770,3990,2026-07-29T09:16:03.451621Z,2026-09-07T09:16:03.480509Z
1.0,RESEARCH_PAPER,arXiv (deterministic assessment fixture),https://arxiv.org/,Frontier Study 0771: Robotics,"['Researcher 93', 'Researcher 31']",https://arxiv.org/abs/2601.00771,https://github.com/frontieratlas/paper-0771,4027,2026-07-28T09:16:03.451621Z,2026-09-07T09:16:03.480515Z
1.0,RESEARCH_PAPER,arXiv (deterministic assessment fixture),https://arxiv.org/,Frontier Study 0772: Alignment,"['Researcher 94', 'Researcher 32']",https://arxiv.org/abs/2601.00772,https://github.com/frontieratlas/paper-0772,4064,2026-07-27T09:16:03.451621Z,2026-09-07T09:16:03.480522Z
1.0,RESEARCH_PAPER,arXiv (deterministic assessment fixture),https://arxiv.org/,Frontier Study 0773: Computer Vision,"['Researcher 95', 'Researcher 33']",https://arxiv.org/abs/2601.00773,https://github.com/frontieratlas/paper-0773,4101,2026-07-26T09:16:03.451621Z,2026-09-07T09:16:03.480528Z
1.0,RESEARCH_PAPER,arXiv (deterministic assessment fixture),https://arxiv.org/,Frontier Study 0774: Generative Modeling,"['Researcher 96', 'Researcher 34']",https://arxiv.org/abs/2601.00774,https://github.com/frontieratlas/paper-0774,4138,2026-07-25T09:16:03.451621Z,2026-09-07T09:16:03.480534Z
1.0,RESEARCH_PAPER,arXiv (deterministic assessment fixture),https://arxiv.org/,Frontier Study 0775: Retrieval,"['Researcher 97', 'Researcher 35']",https://arxiv.org/abs/2601.00775,https://github.com/frontieratlas/paper-0775,4175,2026-07-24T09:16:03.451621Z,2026-09-07T09:16:03.480541Z
1.0,RESEARCH_PAPER,arXiv (deterministic assessment fixture),https://arxiv.org/,Frontier Study 0776: Agents,"['Researcher 1', 'Researcher 36']",https://arxiv.org/abs/2601.00776,https://github.com/frontieratlas/paper-0776,4212,2026-07-23T09:16:03.451621Z,2026-09-07T09:16:03.480546Z
1.0,RESEARCH_PAPER,arXiv (deterministic assessment fixture),https://arxiv.org/,Frontier Study 0777: Language Models,"['Researcher 2', 'Researcher 37']",https://arxiv.org/abs/2601.00777,https://github.com/frontieratlas/paper-0777,4249,2026-07-22T09:16:03.451621Z,2026-09-07T09:16:03.480552Z
1.0,RESEARCH_PAPER,arXiv (deterministic assessment fixture),https://arxiv.org/,Frontier Study 0778: Multimodal Learning,"['Researcher 3', 'Researcher 38']",https://arxiv.org/abs/2601.00778,https://github.com/frontieratlas/paper-0778,4286,2026-07-21T09:16:03.451621Z,2026-09-07T09:16:03.480557Z
1.0,RESEARCH_PAPER,arXiv (deterministic assessment fixture),https://arxiv.org/,Frontier Study 0779: Robotics,"['Researcher 4', 'Researcher 39']",https://arxiv.org/abs/2601.00779,https://github.com/frontieratlas/paper-0779,4323,2026-07-20T09:16:03.451621Z,2026-09-07T09:16:03.480563Z
1.0,RESEARCH_PAPER,arXiv (deterministic assessment fixture),https://arxiv.org/,Frontier Study 0780: Alignment,"['Researcher 5', 'Researcher 40']",https://arxiv.org/abs/2601.00780,https://github.com/frontieratlas/paper-0780,4360,2026-07-19T09:16:03.451621Z,2026-09-07T09:16:03.480569Z
1.0,RESEARCH_PAPER,arXiv (deterministic assessment fixture),https://arxiv.org/,Frontier Study 0781: Computer Vision,"['Researcher 6', 'Researcher 41']",https://arxiv.org/abs/2601.00781,https://github.com/frontieratlas/paper-0781,4397,2026-07-18T09:16:03.451621Z,2026-09-07T09:16:03.480575Z
1.0,RESEARCH_PAPER,arXiv (deterministic assessment fixture),https://arxiv.org/,Frontier Study 0782: Generative Modeling,"['Researcher 7', 'Researcher 42']",https://arxiv.org/abs/2601.00782,https://github.com/frontieratlas/paper-0782,4434,2026-07-17T09:16:03.451621Z,2026-09-07T09:16:03.480581Z
1.0,RESEARCH_PAPER,arXiv (deterministic assessment fixture),https://arxiv.org/,Frontier Study 0783: Retrieval,"['Researcher 8', 'Researcher 43']",https://arxiv.org/abs/2601.00783,https://github.com/frontieratlas/paper-0783,4471,2026-07-16T09:16:03.451621Z,2026-09-07T09:16:03.480589Z
1.0,RESEARCH_PAPER,arXiv (deterministic assessment fixture),https://arxiv.org/,Frontier Study 0784: Agents,"['Researcher 9', 'Researcher 44']",https://arxiv.org/abs/2601.00784,https://github.com/frontieratlas/paper-0784,4508,2026-07-15T09:16:03.451621Z,2026-09-07T09:16:03.480596Z
1.0,RESEARCH_PAPER,arXiv (deterministic assessment fixture),https://arxiv.org/,Frontier Study 0785: Language Models,"['Researcher 10', 'Researcher 45']",https://arxiv.org/abs/2601.00785,https://github.com/frontieratlas/paper-0785,4545,2026-07-14T09:16:03.451621Z,2026-09-07T09:16:03.480602Z
1.0,RESEARCH_PAPER,arXiv (deterministic assessment fixture),https://arxiv.org/,Frontier Study 0786: Multimodal Learning,"['Researcher 11', 'Researcher 46']",https://arxiv.org/abs/2601.00786,https://github.com/frontieratlas/paper-0786,4582,2026-07-13T09:16:03.451621Z,2026-09-07T09:16:03.480609Z
1.0,RESEARCH_PAPER,arXiv (deterministic assessment fixture),https://arxiv.org/,Frontier Study 0787: Robotics,"['Researcher 12', 'Researcher 47']",https://arxiv.org/abs/2601.00787,https://github.com/frontieratlas/paper-0787,4619,2026-07-12T09:16:03.451621Z,2026-09-07T09:16:03.480617Z
1.0,RESEARCH_PAPER,arXiv (deterministic assessment fixture),https://arxiv.org/,Frontier Study 0788: Alignment,"['Researcher 13', 'Researcher 48']",https://arxiv.org/abs/2601.00788,https://github.com/frontieratlas/paper-0788,4656,2026-07-11T09:16:03.451621Z,2026-09-07T09:16:03.480623Z
1.0,RESEARCH_PAPER,arXiv (deterministic assessment fixture),https://arxiv.org/,Frontier Study 0789: Computer Vision,"['Researcher 14', 'Researcher 49']",https://arxiv.org/abs/2601.00789,https://github.com/frontieratlas/paper-0789,4693,2026-07-10T09:16:03.451621Z,2026-09-07T09:16:03.480628Z
1.0,RESEARCH_PAPER,arXiv (deterministic assessment fixture),https://arxiv.org/,Frontier Study 0790: Generative Modeling,"['Researcher 15', 'Researcher 50']",https://arxiv.org/abs/2601.00790,https://github.com/frontieratlas/paper-0790,4730,2026-07-09T09:16:03.451621Z,2026-09-07T09:16:03.480634Z
1.0,RESEARCH_PAPER,arXiv (deterministic assessment fixture),https://arxiv.org/,Frontier Study 0791: Retrieval,"['Researcher 16', 'Researcher 51']",https://arxiv.org/abs/2601.00791,https://github.com/frontieratlas/paper-0791,4767,2026-07-08T09:16:03.451621Z,2026-09-07T09:16:03.480641Z
1.0,RESEARCH_PAPER,arXiv (deterministic assessment fixture),https://arxiv.org/,Frontier Study 0792: Agents,"['Researcher 17', 'Researcher 52']",https://arxiv.org/abs/2601.00792,https://github.com/frontieratlas/paper-0792,4804,2026-07-07T09:16:03.451621Z,2026-09-07T09:16:03.480648Z
1.0,RESEARCH_PAPER,arXiv (deterministic assessment fixture),https://arxiv.org/,Frontier Study 0793: Language Models,"['Researcher 18', 'Researcher 53']",https://arxiv.org/abs/2601.00793,https://github.com/frontieratlas/paper-0793,4841,2026-07-06T09:16:03.451621Z,2026-09-07T09:16:03.480653Z
1.0,RESEARCH_PAPER,arXiv (deterministic assessment fixture),https://arxiv.org/,Frontier Study 0794: Multimodal Learning,"['Researcher 19', 'Researcher 54']",https://arxiv.org/abs/2601.00794,https://github.com/frontieratlas/paper-0794,4878,2026-07-05T09:16:03.451621Z,2026-09-07T09:16:03.480659Z
1.0,RESEARCH_PAPER,arXiv (deterministic assessment fixture),https://arxiv.org/,Frontier Study 0795: Robotics,"['Researcher 20', 'Researcher 2']",https://arxiv.org/abs/2601.00795,https://github.com/frontieratlas/paper-0795,4915,2026-07-04T09:16:03.451621Z,2026-09-07T09:16:03.480664Z
1.0,RESEARCH_PAPER,arXiv (deterministic assessment fixture),https://arxiv.org/,Frontier Study 0796: Alignment,"['Researcher 21', 'Researcher 3']",https://arxiv.org/abs/2601.00796,https://github.com/frontieratlas/paper-0796,4952,2026-07-03T09:16:03.451621Z,2026-09-07T09:16:03.480671Z
1.0,RESEARCH_PAPER,arXiv (deterministic assessment fixture),https://arxiv.org/,Frontier Study 0797: Computer Vision,"['Researcher 22', 'Researcher 4']",https://arxiv.org/abs/2601.00797,https://github.com/frontieratlas/paper-0797,4989,2026-07-02T09:16:03.451621Z,2026-09-07T09:16:03.480677Z
1.0,RESEARCH_PAPER,arXiv (deterministic assessment fixture),https://arxiv.org/,Frontier Study 0798: Generative Modeling,"['Researcher 23', 'Researcher 5']",https://arxiv.org/abs/2601.00798,https://github.com/frontieratlas/paper-0798,5026,2026-07-01T09:16:03.451621Z,2026-09-07T09:16:03.480707Z
1.0,RESEARCH_PAPER,arXiv (deterministic assessment fixture),https://arxiv.org/,Frontier Study 0799: Retrieval,"['Researcher 24', 'Researcher 6']",https://arxiv.org/abs/2601.00799,https://github.com/frontieratlas/paper-0799,5063,2026-06-30T09:16:03.451621Z,2026-09-07T09:16:03.480717Z
1.0,RESEARCH_PAPER,arXiv (deterministic assessment fixture),https://arxiv.org/,Frontier Study 0800: Agents,"['Researcher 25', 'Researcher 7']",https://arxiv.org/abs/2601.00800,https://github.com/frontieratlas/paper-0800,5100,2026-06-29T09:16:03.451621Z,2026-09-07T09:16:03.480724Z
1.0,RESEARCH_PAPER,arXiv (deterministic assessment fixture),https://arxiv.org/,Frontier Study 0801: Language Models,"['Researcher 26', 'Researcher 8']",https://arxiv.org/abs/2601.00801,https://github.com/frontieratlas/paper-0801,5137,2026-06-28T09:16:03.451621Z,2026-09-07T09:16:03.483292Z
1.0,RESEARCH_PAPER,arXiv (deterministic assessment fixture),https://arxiv.org/,Frontier Study 0802: Multimodal Learning,"['Researcher 27', 'Researcher 9']",https://arxiv.org/abs/2601.00802,https://github.com/frontieratlas/paper-0802,5174,2026-06-27T09:16:03.451621Z,2026-09-07T09:16:03.483302Z
1.0,RESEARCH_PAPER,arXiv (deterministic assessment fixture),https://arxiv.org/,Frontier Study 0803: Robotics,"['Researcher 28', 'Researcher 10']",https://arxiv.org/abs/2601.00803,https://github.com/frontieratlas/paper-0803,5211,2026-06-26T09:16:03.451621Z,2026-09-07T09:16:03.483309Z
1.0,RESEARCH_PAPER,arXiv (deterministic assessment fixture),https://arxiv.org/,Frontier Study 0804: Alignment,"['Researcher 29', 'Researcher 11']",https://arxiv.org/abs/2601.00804,https://github.com/frontieratlas/paper-0804,5248,2026-06-25T09:16:03.451621Z,2026-09-07T09:16:03.483316Z
1.0,RESEARCH_PAPER,arXiv (deterministic assessment fixture),https://arxiv.org/,Frontier Study 0805: Computer Vision,"['Researcher 30', 'Researcher 12']",https://arxiv.org/abs/2601.00805,https://github.com/frontieratlas/paper-0805,5285,2026-06-24T09:16:03.451621Z,2026-09-07T09:16:03.483322Z
1.0,RESEARCH_PAPER,arXiv (deterministic assessment fixture),https://arxiv.org/,Frontier Study 0806: Generative Modeling,"['Researcher 31', 'Researcher 13']",https://arxiv.org/abs/2601.00806,https://github.com/frontieratlas/paper-0806,5322,2026-06-23T09:16:03.451621Z,2026-09-07T09:16:03.483328Z
1.0,RESEARCH_PAPER,arXiv (deterministic assessment fixture),https://arxiv.org/,Frontier Study 0807: Retrieval,"['Researcher 32', 'Researcher 14']",https://arxiv.org/abs/2601.00807,https://github.com/frontieratlas/paper-0807,5359,2026-06-22T09:16:03.451621Z,2026-09-07T09:16:03.483333Z
1.0,RESEARCH_PAPER,arXiv (deterministic assessment fixture),https://arxiv.org/,Frontier Study 0808: Agents,"['Researcher 33', 'Researcher 15']",https://arxiv.org/abs/2601.00808,https://github.com/frontieratlas/paper-0808,5396,2026-06-21T09:16:03.451621Z,2026-09-07T09:16:03.483339Z
1.0,RESEARCH_PAPER,arXiv (deterministic assessment fixture),https://arxiv.org/,Frontier Study 0809: Language Models,"['Researcher 34', 'Researcher 16']",https://arxiv.org/abs/2601.00809,https://github.com/frontieratlas/paper-0809,5433,2026-06-20T09:16:03.451621Z,2026-09-07T09:16:03.483348Z
1.0,RESEARCH_PAPER,arXiv (deterministic assessment fixture),https://arxiv.org/,Frontier Study 0810: Multimodal Learning,"['Researcher 35', 'Researcher 17']",https://arxiv.org/abs/2601.00810,https://github.com/frontieratlas/paper-0810,5470,2026-06-19T09:16:03.451621Z,2026-09-07T09:16:03.483354Z
1.0,RESEARCH_PAPER,arXiv (deterministic assessment fixture),https://arxiv.org/,Frontier Study 0811: Robotics,"['Researcher 36', 'Researcher 18']",https://arxiv.org/abs/2601.00811,https://github.com/frontieratlas/paper-0811,5507,2026-06-18T09:16:03.451621Z,2026-09-07T09:16:03.483360Z
1.0,RESEARCH_PAPER,arXiv (deterministic assessment fixture),https://arxiv.org/,Frontier Study 0812: Alignment,"['Researcher 37', 'Researcher 19']",https://arxiv.org/abs/2601.00812,https://github.com/frontieratlas/paper-0812,5544,2026-06-17T09:16:03.451621Z,2026-09-07T09:16:03.483368Z
1.0,RESEARCH_PAPER,arXiv (deterministic assessment fixture),https://arxiv.org/,Frontier Study 0813: Computer Vision,"['Researcher 38', 'Researcher 20']",https://arxiv.org/abs/2601.00813,https://github.com/frontieratlas/paper-0813,5581,2026-06-16T09:16:03.451621Z,2026-09-07T09:16:03.483374Z
1.0,RESEARCH_PAPER,arXiv (deterministic assessment fixture),https://arxiv.org/,Frontier Study 0814: Generative Modeling,"['Researcher 39', 'Researcher 21']",https://arxiv.org/abs/2601.00814,https://github.com/frontieratlas/paper-0814,5618,2026-06-15T09:16:03.451621Z,2026-09-07T09:16:03.483379Z
1.0,RESEARCH_PAPER,arXiv (deterministic assessment fixture),https://arxiv.org/,Frontier Study 0815: Retrieval,"['Researcher 40', 'Researcher 22']",https://arxiv.org/abs/2601.00815,https://github.com/frontieratlas/paper-0815,5655,2026-06-14T09:16:03.451621Z,2026-09-07T09:16:03.483385Z
1.0,RESEARCH_PAPER,arXiv (deterministic assessment fixture),https://arxiv.org/,Frontier Study 0816: Agents,"['Researcher 41', 'Researcher 23']",https://arxiv.org/abs/2601.00816,https://github.com/frontieratlas/paper-0816,5692,2026-06-13T09:16:03.451621Z,2026-09-07T09:16:03.483393Z
1.0,RESEARCH_PAPER,arXiv (deterministic assessment fixture),https://arxiv.org/,Frontier Study 0817: Language Models,"['Researcher 42', 'Researcher 24']",https://arxiv.org/abs/2601.00817,https://github.com/frontieratlas/paper-0817,5729,2026-06-12T09:16:03.451621Z,2026-09-07T09:16:03.483398Z
1.0,RESEARCH_PAPER,arXiv (deterministic assessment fixture),https://arxiv.org/,Frontier Study 0818: Multimodal Learning,"['Researcher 43', 'Researcher 25']",https://arxiv.org/abs/2601.00818,https://github.com/frontieratlas/paper-0818,5766,2026-06-11T09:16:03.451621Z,2026-09-07T09:16:03.483404Z
1.0,RESEARCH_PAPER,arXiv (deterministic assessment fixture),https://arxiv.org/,Frontier Study 0819: Robotics,"['Researcher 44', 'Researcher 26']",https://arxiv.org/abs/2601.00819,https://github.com/frontieratlas/paper-0819,5803,2026-06-10T09:16:03.451621Z,2026-09-07T09:16:03.483411Z
1.0,RESEARCH_PAPER,arXiv (deterministic assessment fixture),https://arxiv.org/,Frontier Study 0820: Alignment,"['Researcher 45', 'Researcher 27']",https://arxiv.org/abs/2601.00820,https://github.com/frontieratlas/paper-0820,5840,2026-06-09T09:16:03.451621Z,2026-09-07T09:16:03.483417Z
1.0,RESEARCH_PAPER,arXiv (deterministic assessment fixture),https://arxiv.org/,Frontier Study 0821: Computer Vision,"['Researcher 46', 'Researcher 28']",https://arxiv.org/abs/2601.00821,https://github.com/frontieratlas/paper-0821,5877,2026-06-08T09:16:03.451621Z,2026-09-07T09:16:03.483423Z
1.0,RESEARCH_PAPER,arXiv (deterministic assessment fixture),https://arxiv.org/,Frontier Study 0822: Generative Modeling,"['Researcher 47', 'Researcher 29']",https://arxiv.org/abs/2601.00822,https://github.com/frontieratlas/paper-0822,5914,2026-06-07T09:16:03.451621Z,2026-09-07T09:16:03.483430Z
1.0,RESEARCH_PAPER,arXiv (deterministic assessment fixture),https://arxiv.org/,Frontier Study 0823: Retrieval,"['Researcher 48', 'Researcher 30']",https://arxiv.org/abs/2601.00823,https://github.com/frontieratlas/paper-0823,5951,2026-06-06T09:16:03.451621Z,2026-09-07T09:16:03.483436Z
1.0,RESEARCH_PAPER,arXiv (deterministic assessment fixture),https://arxiv.org/,Frontier Study 0824: Agents,"['Researcher 49', 'Researcher 31']",https://arxiv.org/abs/2601.00824,https://github.com/frontieratlas/paper-0824,5988,2026-06-05T09:16:03.451621Z,2026-09-07T09:16:03.483446Z
1.0,RESEARCH_PAPER,arXiv (deterministic assessment fixture),https://arxiv.org/,Frontier Study 0825: Language Models,"['Researcher 50', 'Researcher 32']",https://arxiv.org/abs/2601.00825,https://github.com/frontieratlas/paper-0825,6025,2026-06-04T09:16:03.451621Z,2026-09-07T09:16:03.483451Z
1.0,RESEARCH_PAPER,arXiv (deterministic assessment fixture),https://arxiv.org/,Frontier Study 0826: Multimodal Learning,"['Researcher 51', 'Researcher 33']",https://arxiv.org/abs/2601.00826,https://github.com/frontieratlas/paper-0826,6062,2026-06-03T09:16:03.451621Z,2026-09-07T09:16:03.483456Z
1.0,RESEARCH_PAPER,arXiv (deterministic assessment fixture),https://arxiv.org/,Frontier Study 0827: Robotics,"['Researcher 52', 'Researcher 34']",https://arxiv.org/abs/2601.00827,https://github.com/frontieratlas/paper-0827,6099,2026-06-02T09:16:03.451621Z,2026-09-07T09:16:03.483463Z
1.0,RESEARCH_PAPER,arXiv (deterministic assessment fixture),https://arxiv.org/,Frontier Study 0828: Alignment,"['Researcher 53', 'Researcher 35']",https://arxiv.org/abs/2601.00828,https://github.com/frontieratlas/paper-0828,6136,2026-06-01T09:16:03.451621Z,2026-09-07T09:16:03.483470Z
1.0,RESEARCH_PAPER,arXiv (deterministic assessment fixture),https://arxiv.org/,Frontier Study 0829: Computer Vision,"['Researcher 54', 'Researcher 36']",https://arxiv.org/abs/2601.00829,https://github.com/frontieratlas/paper-0829,6173,2026-05-31T09:16:03.451621Z,2026-09-07T09:16:03.483476Z
1.0,RESEARCH_PAPER,arXiv (deterministic assessment fixture),https://arxiv.org/,Frontier Study 0830: Generative Modeling,"['Researcher 55', 'Researcher 37']",https://arxiv.org/abs/2601.00830,https://github.com/frontieratlas/paper-0830,6210,2026-05-30T09:16:03.451621Z,2026-09-07T09:16:03.483482Z
1.0,RESEARCH_PAPER,arXiv (deterministic assessment fixture),https://arxiv.org/,Frontier Study 0831: Retrieval,"['Researcher 56', 'Researcher 38']",https://arxiv.org/abs/2601.00831,https://github.com/frontieratlas/paper-0831,6247,2026-05-29T09:16:03.451621Z,2026-09-07T09:16:03.483487Z
1.0,RESEARCH_PAPER,arXiv (deterministic assessment fixture),https://arxiv.org/,Frontier Study 0832: Agents,"['Researcher 57', 'Researcher 39']",https://arxiv.org/abs/2601.00832,https://github.com/frontieratlas/paper-0832,6284,2026-05-28T09:16:03.451621Z,2026-09-07T09:16:03.483496Z
1.0,RESEARCH_PAPER,arXiv (deterministic assessment fixture),https://arxiv.org/,Frontier Study 0833: Language Models,"['Researcher 58', 'Researcher 40']",https://arxiv.org/abs/2601.00833,https://github.com/frontieratlas/paper-0833,6321,2026-05-27T09:16:03.451621Z,2026-09-07T09:16:03.483502Z
1.0,RESEARCH_PAPER,arXiv (deterministic assessment fixture),https://arxiv.org/,Frontier Study 0834: Multimodal Learning,"['Researcher 59', 'Researcher 41']",https://arxiv.org/abs/2601.00834,https://github.com/frontieratlas/paper-0834,6358,2026-05-26T09:16:03.451621Z,2026-09-07T09:16:03.483508Z
1.0,RESEARCH_PAPER,arXiv (deterministic assessment fixture),https://arxiv.org/,Frontier Study 0835: Robotics,"['Researcher 60', 'Researcher 42']",https://arxiv.org/abs/2601.00835,https://github.com/frontieratlas/paper-0835,6395,2026-05-25T09:16:03.451621Z,2026-09-07T09:16:03.483513Z
1.0,RESEARCH_PAPER,arXiv (deterministic assessment fixture),https://arxiv.org/,Frontier Study 0836: Alignment,"['Researcher 61', 'Researcher 43']",https://arxiv.org/abs/2601.00836,https://github.com/frontieratlas/paper-0836,6432,2026-05-24T09:16:03.451621Z,2026-09-07T09:16:03.483519Z
1.0,RESEARCH_PAPER,arXiv (deterministic assessment fixture),https://arxiv.org/,Frontier Study 0837: Computer Vision,"['Researcher 62', 'Researcher 44']",https://arxiv.org/abs/2601.00837,https://github.com/frontieratlas/paper-0837,6469,2026-05-23T09:16:03.451621Z,2026-09-07T09:16:03.483526Z
1.0,RESEARCH_PAPER,arXiv (deterministic assessment fixture),https://arxiv.org/,Frontier Study 0838: Generative Modeling,"['Researcher 63', 'Researcher 45']",https://arxiv.org/abs/2601.00838,https://github.com/frontieratlas/paper-0838,6506,2026-05-22T09:16:03.451621Z,2026-09-07T09:16:03.483532Z
1.0,RESEARCH_PAPER,arXiv (deterministic assessment fixture),https://arxiv.org/,Frontier Study 0839: Retrieval,"['Researcher 64', 'Researcher 46']",https://arxiv.org/abs/2601.00839,https://github.com/frontieratlas/paper-0839,6543,2026-05-21T09:16:03.451621Z,2026-09-07T09:16:03.483537Z
1.0,RESEARCH_PAPER,arXiv (deterministic assessment fixture),https://arxiv.org/,Frontier Study 0840: Agents,"['Researcher 65', 'Researcher 47']",https://arxiv.org/abs/2601.00840,https://github.com/frontieratlas/paper-0840,6580,2026-05-20T09:16:03.451621Z,2026-09-07T09:16:03.483544Z
1.0,RESEARCH_PAPER,arXiv (deterministic assessment fixture),https://arxiv.org/,Frontier Study 0841: Language Models,"['Researcher 66', 'Researcher 48']",https://arxiv.org/abs/2601.00841,https://github.com/frontieratlas/paper-0841,6617,2026-05-19T09:16:03.451621Z,2026-09-07T09:16:03.483550Z
1.0,RESEARCH_PAPER,arXiv (deterministic assessment fixture),https://arxiv.org/,Frontier Study 0842: Multimodal Learning,"['Researcher 67', 'Researcher 49']",https://arxiv.org/abs/2601.00842,https://github.com/frontieratlas/paper-0842,6654,2026-05-18T09:16:03.451621Z,2026-09-07T09:16:03.483556Z
1.0,RESEARCH_PAPER,arXiv (deterministic assessment fixture),https://arxiv.org/,Frontier Study 0843: Robotics,"['Researcher 68', 'Researcher 50']",https://arxiv.org/abs/2601.00843,https://github.com/frontieratlas/paper-0843,6691,2026-05-17T09:16:03.451621Z,2026-09-07T09:16:03.483564Z
1.0,RESEARCH_PAPER,arXiv (deterministic assessment fixture),https://arxiv.org/,Frontier Study 0844: Alignment,"['Researcher 69', 'Researcher 51']",https://arxiv.org/abs/2601.00844,https://github.com/frontieratlas/paper-0844,6728,2026-05-16T09:16:03.451621Z,2026-09-07T09:16:03.483569Z
1.0,RESEARCH_PAPER,arXiv (deterministic assessment fixture),https://arxiv.org/,Frontier Study 0845: Computer Vision,"['Researcher 70', 'Researcher 52']",https://arxiv.org/abs/2601.00845,https://github.com/frontieratlas/paper-0845,6765,2026-05-15T09:16:03.451621Z,2026-09-07T09:16:03.483575Z
1.0,RESEARCH_PAPER,arXiv (deterministic assessment fixture),https://arxiv.org/,Frontier Study 0846: Generative Modeling,"['Researcher 71', 'Researcher 53']",https://arxiv.org/abs/2601.00846,https://github.com/frontieratlas/paper-0846,6802,2026-05-14T09:16:03.451621Z,2026-09-07T09:16:03.483580Z
1.0,RESEARCH_PAPER,arXiv (deterministic assessment fixture),https://arxiv.org/,Frontier Study 0847: Retrieval,"['Researcher 72', 'Researcher 54']",https://arxiv.org/abs/2601.00847,https://github.com/frontieratlas/paper-0847,6839,2026-05-13T09:16:03.451621Z,2026-09-07T09:16:03.483588Z
1.0,RESEARCH_PAPER,arXiv (deterministic assessment fixture),https://arxiv.org/,Frontier Study 0848: Agents,"['Researcher 73', 'Researcher 2']",https://arxiv.org/abs/2601.00848,https://github.com/frontieratlas/paper-0848,6876,2026-05-12T09:16:03.451621Z,2026-09-07T09:16:03.483594Z
1.0,RESEARCH_PAPER,arXiv (deterministic assessment fixture),https://arxiv.org/,Frontier Study 0849: Language Models,"['Researcher 74', 'Researcher 3']",https://arxiv.org/abs/2601.00849,https://github.com/frontieratlas/paper-0849,6913,2026-05-11T09:16:03.451621Z,2026-09-07T09:16:03.483600Z
1.0,RESEARCH_PAPER,arXiv (deterministic assessment fixture),https://arxiv.org/,Frontier Study 0850: Multimodal Learning,"['Researcher 75', 'Researcher 4']",https://arxiv.org/abs/2601.00850,https://github.com/frontieratlas/paper-0850,6950,2026-05-10T09:16:03.451621Z,2026-09-07T09:16:03.483605Z
1.0,RESEARCH_PAPER,arXiv (deterministic assessment fixture),https://arxiv.org/,Frontier Study 0851: Robotics,"['Researcher 76', 'Researcher 5']",https://arxiv.org/abs/2601.00851,https://github.com/frontieratlas/paper-0851,6987,2026-05-09T09:16:03.451621Z,2026-09-07T09:16:03.483611Z
1.0,RESEARCH_PAPER,arXiv (deterministic assessment fixture),https://arxiv.org/,Frontier Study 0852: Alignment,"['Researcher 77', 'Researcher 6']",https://arxiv.org/abs/2601.00852,https://github.com/frontieratlas/paper-0852,7024,2026-05-08T09:16:03.451621Z,2026-09-07T09:16:03.483618Z
1.0,RESEARCH_PAPER,arXiv (deterministic assessment fixture),https://arxiv.org/,Frontier Study 0853: Computer Vision,"['Researcher 78', 'Researcher 7']",https://arxiv.org/abs/2601.00853,https://github.com/frontieratlas/paper-0853,7061,2026-05-07T09:16:03.451621Z,2026-09-07T09:16:03.483624Z
1.0,RESEARCH_PAPER,arXiv (deterministic assessment fixture),https://arxiv.org/,Frontier Study 0854: Generative Modeling,"['Researcher 79', 'Researcher 8']",https://arxiv.org/abs/2601.00854,https://github.com/frontieratlas/paper-0854,7098,2026-05-06T09:16:03.451621Z,2026-09-07T09:16:03.483629Z
1.0,RESEARCH_PAPER,arXiv (deterministic assessment fixture),https://arxiv.org/,Frontier Study 0855: Retrieval,"['Researcher 80', 'Researcher 9']",https://arxiv.org/abs/2601.00855,https://github.com/frontieratlas/paper-0855,7135,2026-05-05T09:16:03.451621Z,2026-09-07T09:16:03.483637Z
1.0,RESEARCH_PAPER,arXiv (deterministic assessment fixture),https://arxiv.org/,Frontier Study 0856: Agents,"['Researcher 81', 'Researcher 10']",https://arxiv.org/abs/2601.00856,https://github.com/frontieratlas/paper-0856,7172,2026-05-04T09:16:03.451621Z,2026-09-07T09:16:03.483643Z
1.0,RESEARCH_PAPER,arXiv (deterministic assessment fixture),https://arxiv.org/,Frontier Study 0857: Language Models,"['Researcher 82', 'Researcher 11']",https://arxiv.org/abs/2601.00857,https://github.com/frontieratlas/paper-0857,7209,2026-05-03T09:16:03.451621Z,2026-09-07T09:16:03.483648Z
1.0,RESEARCH_PAPER,arXiv (deterministic assessment fixture),https://arxiv.org/,Frontier Study 0858: Multimodal Learning,"['Researcher 83', 'Researcher 12']",https://arxiv.org/abs/2601.00858,https://github.com/frontieratlas/paper-0858,7246,2026-05-02T09:16:03.451621Z,2026-09-07T09:16:03.483655Z
1.0,RESEARCH_PAPER,arXiv (deterministic assessment fixture),https://arxiv.org/,Frontier Study 0859: Robotics,"['Researcher 84', 'Researcher 13']",https://arxiv.org/abs/2601.00859,https://github.com/frontieratlas/paper-0859,7283,2026-05-01T09:16:03.451621Z,2026-09-07T09:16:03.483662Z
1.0,RESEARCH_PAPER,arXiv (deterministic assessment fixture),https://arxiv.org/,Frontier Study 0860: Alignment,"['Researcher 85', 'Researcher 14']",https://arxiv.org/abs/2601.00860,https://github.com/frontieratlas/paper-0860,7320,2026-04-30T09:16:03.451621Z,2026-09-07T09:16:03.483668Z
1.0,RESEARCH_PAPER,arXiv (deterministic assessment fixture),https://arxiv.org/,Frontier Study 0861: Computer Vision,"['Researcher 86', 'Researcher 15']",https://arxiv.org/abs/2601.00861,https://github.com/frontieratlas/paper-0861,7357,2026-04-29T09:16:03.451621Z,2026-09-07T09:16:03.483674Z
1.0,RESEARCH_PAPER,arXiv (deterministic assessment fixture),https://arxiv.org/,Frontier Study 0862: Generative Modeling,"['Researcher 87', 'Researcher 16']",https://arxiv.org/abs/2601.00862,https://github.com/frontieratlas/paper-0862,7394,2026-04-28T09:16:03.451621Z,2026-09-07T09:16:03.483703Z
1.0,RESEARCH_PAPER,arXiv (deterministic assessment fixture),https://arxiv.org/,Frontier Study 0863: Retrieval,"['Researcher 88', 'Researcher 17']",https://arxiv.org/abs/2601.00863,https://github.com/frontieratlas/paper-0863,7431,2026-04-27T09:16:03.451621Z,2026-09-07T09:16:03.483713Z
1.0,RESEARCH_PAPER,arXiv (deterministic assessment fixture),https://arxiv.org/,Frontier Study 0864: Agents,"['Researcher 89', 'Researcher 18']",https://arxiv.org/abs/2601.00864,https://github.com/frontieratlas/paper-0864,7468,2026-04-26T09:16:03.451621Z,2026-09-07T09:16:03.483720Z
1.0,RESEARCH_PAPER,arXiv (deterministic assessment fixture),https://arxiv.org/,Frontier Study 0865: Language Models,"['Researcher 90', 'Researcher 19']",https://arxiv.org/abs/2601.00865,https://github.com/frontieratlas/paper-0865,7505,2026-04-25T09:16:03.451621Z,2026-09-07T09:16:03.483729Z
1.0,RESEARCH_PAPER,arXiv (deterministic assessment fixture),https://arxiv.org/,Frontier Study 0866: Multimodal Learning,"['Researcher 91', 'Researcher 20']",https://arxiv.org/abs/2601.00866,https://github.com/frontieratlas/paper-0866,7542,2026-04-24T09:16:03.451621Z,2026-09-07T09:16:03.483738Z
1.0,RESEARCH_PAPER,arXiv (deterministic assessment fixture),https://arxiv.org/,Frontier Study 0867: Robotics,"['Researcher 92', 'Researcher 21']",https://arxiv.org/abs/2601.00867,https://github.com/frontieratlas/paper-0867,7579,2026-04-23T09:16:03.451621Z,2026-09-07T09:16:03.483744Z
1.0,RESEARCH_PAPER,arXiv (deterministic assessment fixture),https://arxiv.org/,Frontier Study 0868: Alignment,"['Researcher 93', 'Researcher 22']",https://arxiv.org/abs/2601.00868,https://github.com/frontieratlas/paper-0868,7616,2026-04-22T09:16:03.451621Z,2026-09-07T09:16:03.483750Z
1.0,RESEARCH_PAPER,arXiv (deterministic assessment fixture),https://arxiv.org/,Frontier Study 0869: Computer Vision,"['Researcher 94', 'Researcher 23']",https://arxiv.org/abs/2601.00869,https://github.com/frontieratlas/paper-0869,7653,2026-04-21T09:16:03.451621Z,2026-09-07T09:16:03.483756Z
1.0,RESEARCH_PAPER,arXiv (deterministic assessment fixture),https://arxiv.org/,Frontier Study 0870: Generative Modeling,"['Researcher 95', 'Researcher 24']",https://arxiv.org/abs/2601.00870,https://github.com/frontieratlas/paper-0870,7690,2026-04-20T09:16:03.451621Z,2026-09-07T09:16:03.483761Z
1.0,RESEARCH_PAPER,arXiv (deterministic assessment fixture),https://arxiv.org/,Frontier Study 0871: Retrieval,"['Researcher 96', 'Researcher 25']",https://arxiv.org/abs/2601.00871,https://github.com/frontieratlas/paper-0871,7727,2026-04-19T09:16:03.451621Z,2026-09-07T09:16:03.483769Z
1.0,RESEARCH_PAPER,arXiv (deterministic assessment fixture),https://arxiv.org/,Frontier Study 0872: Agents,"['Researcher 97', 'Researcher 26']",https://arxiv.org/abs/2601.00872,https://github.com/frontieratlas/paper-0872,7764,2026-04-18T09:16:03.451621Z,2026-09-07T09:16:03.483776Z
1.0,RESEARCH_PAPER,arXiv (deterministic assessment fixture),https://arxiv.org/,Frontier Study 0873: Language Models,"['Researcher 1', 'Researcher 27']",https://arxiv.org/abs/2601.00873,https://github.com/frontieratlas/paper-0873,7801,2026-04-17T09:16:03.451621Z,2026-09-07T09:16:03.483783Z
1.0,RESEARCH_PAPER,arXiv (deterministic assessment fixture),https://arxiv.org/,Frontier Study 0874: Multimodal Learning,"['Researcher 2', 'Researcher 28']",https://arxiv.org/abs/2601.00874,https://github.com/frontieratlas/paper-0874,7838,2026-04-16T09:16:03.451621Z,2026-09-07T09:16:03.483788Z
1.0,RESEARCH_PAPER,arXiv (deterministic assessment fixture),https://arxiv.org/,Frontier Study 0875: Robotics,"['Researcher 3', 'Researcher 29']",https://arxiv.org/abs/2601.00875,https://github.com/frontieratlas/paper-0875,7875,2026-04-15T09:16:03.451621Z,2026-09-07T09:16:03.483796Z
1.0,RESEARCH_PAPER,arXiv (deterministic assessment fixture),https://arxiv.org/,Frontier Study 0876: Alignment,"['Researcher 4', 'Researcher 30']",https://arxiv.org/abs/2601.00876,https://github.com/frontieratlas/paper-0876,7912,2026-04-14T09:16:03.451621Z,2026-09-07T09:16:03.483802Z
1.0,RESEARCH_PAPER,arXiv (deterministic assessment fixture),https://arxiv.org/,Frontier Study 0877: Computer Vision,"['Researcher 5', 'Researcher 31']",https://arxiv.org/abs/2601.00877,https://github.com/frontieratlas/paper-0877,7949,2026-04-13T09:16:03.451621Z,2026-09-07T09:16:03.483807Z
1.0,RESEARCH_PAPER,arXiv (deterministic assessment fixture),https://arxiv.org/,Frontier Study 0878: Generative Modeling,"['Researcher 6', 'Researcher 32']",https://arxiv.org/abs/2601.00878,https://github.com/frontieratlas/paper-0878,7986,2026-04-12T09:16:03.451621Z,2026-09-07T09:16:03.483814Z
1.0,RESEARCH_PAPER,arXiv (deterministic assessment fixture),https://arxiv.org/,Frontier Study 0879: Retrieval,"['Researcher 7', 'Researcher 33']",https://arxiv.org/abs/2601.00879,https://github.com/frontieratlas/paper-0879,8023,2026-04-11T09:16:03.451621Z,2026-09-07T09:16:03.483819Z
1.0,RESEARCH_PAPER,arXiv (deterministic assessment fixture),https://arxiv.org/,Frontier Study 0880: Agents,"['Researcher 8', 'Researcher 34']",https://arxiv.org/abs/2601.00880,https://github.com/frontieratlas/paper-0880,8060,2026-04-10T09:16:03.451621Z,2026-09-07T09:16:03.483825Z
1.0,RESEARCH_PAPER,arXiv (deterministic assessment fixture),https://arxiv.org/,Frontier Study 0881: Language Models,"['Researcher 9', 'Researcher 35']",https://arxiv.org/abs/2601.00881,https://github.com/frontieratlas/paper-0881,8097,2026-04-09T09:16:03.451621Z,2026-09-07T09:16:03.483831Z
1.0,RESEARCH_PAPER,arXiv (deterministic assessment fixture),https://arxiv.org/,Frontier Study 0882: Multimodal Learning,"['Researcher 10', 'Researcher 36']",https://arxiv.org/abs/2601.00882,https://github.com/frontieratlas/paper-0882,8134,2026-04-08T09:16:03.451621Z,2026-09-07T09:16:03.483838Z
1.0,RESEARCH_PAPER,arXiv (deterministic assessment fixture),https://arxiv.org/,Frontier Study 0883: Robotics,"['Researcher 11', 'Researcher 37']",https://arxiv.org/abs/2601.00883,https://github.com/frontieratlas/paper-0883,8171,2026-04-07T09:16:03.451621Z,2026-09-07T09:16:03.483844Z
1.0,RESEARCH_PAPER,arXiv (deterministic assessment fixture),https://arxiv.org/,Frontier Study 0884: Alignment,"['Researcher 12', 'Researcher 38']",https://arxiv.org/abs/2601.00884,https://github.com/frontieratlas/paper-0884,8208,2026-04-06T09:16:03.451621Z,2026-09-07T09:16:03.483850Z
1.0,RESEARCH_PAPER,arXiv (deterministic assessment fixture),https://arxiv.org/,Frontier Study 0885: Computer Vision,"['Researcher 13', 'Researcher 39']",https://arxiv.org/abs/2601.00885,https://github.com/frontieratlas/paper-0885,8245,2026-04-05T09:16:03.451621Z,2026-09-07T09:16:03.483856Z
1.0,RESEARCH_PAPER,arXiv (deterministic assessment fixture),https://arxiv.org/,Frontier Study 0886: Generative Modeling,"['Researcher 14', 'Researcher 40']",https://arxiv.org/abs/2601.00886,https://github.com/frontieratlas/paper-0886,8282,2026-04-04T09:16:03.451621Z,2026-09-07T09:16:03.483863Z
1.0,RESEARCH_PAPER,arXiv (deterministic assessment fixture),https://arxiv.org/,Frontier Study 0887: Retrieval,"['Researcher 15', 'Researcher 41']",https://arxiv.org/abs/2601.00887,https://github.com/frontieratlas/paper-0887,8319,2026-04-03T09:16:03.451621Z,2026-09-07T09:16:03.483868Z
1.0,RESEARCH_PAPER,arXiv (deterministic assessment fixture),https://arxiv.org/,Frontier Study 0888: Agents,"['Researcher 16', 'Researcher 42']",https://arxiv.org/abs/2601.00888,https://github.com/frontieratlas/paper-0888,8356,2026-04-02T09:16:03.451621Z,2026-09-07T09:16:03.483874Z
1.0,RESEARCH_PAPER,arXiv (deterministic assessment fixture),https://arxiv.org/,Frontier Study 0889: Language Models,"['Researcher 17', 'Researcher 43']",https://arxiv.org/abs/2601.00889,https://github.com/frontieratlas/paper-0889,8393,2026-04-01T09:16:03.451621Z,2026-09-07T09:16:03.483879Z
1.0,RESEARCH_PAPER,arXiv (deterministic assessment fixture),https://arxiv.org/,Frontier Study 0890: Multimodal Learning,"['Researcher 18', 'Researcher 44']",https://arxiv.org/abs/2601.00890,https://github.com/frontieratlas/paper-0890,8430,2026-03-31T09:16:03.451621Z,2026-09-07T09:16:03.483885Z
1.0,RESEARCH_PAPER,arXiv (deterministic assessment fixture),https://arxiv.org/,Frontier Study 0891: Robotics,"['Researcher 19', 'Researcher 45']",https://arxiv.org/abs/2601.00891,https://github.com/frontieratlas/paper-0891,8467,2026-03-30T09:16:03.451621Z,2026-09-07T09:16:03.483893Z
1.0,RESEARCH_PAPER,arXiv (deterministic assessment fixture),https://arxiv.org/,Frontier Study 0892: Alignment,"['Researcher 20', 'Researcher 46']",https://arxiv.org/abs/2601.00892,https://github.com/frontieratlas/paper-0892,8504,2026-03-29T09:16:03.451621Z,2026-09-07T09:16:03.483901Z
1.0,RESEARCH_PAPER,arXiv (deterministic assessment fixture),https://arxiv.org/,Frontier Study 0893: Computer Vision,"['Researcher 21', 'Researcher 47']",https://arxiv.org/abs/2601.00893,https://github.com/frontieratlas/paper-0893,8541,2026-03-28T09:16:03.451621Z,2026-09-07T09:16:03.483907Z
1.0,RESEARCH_PAPER,arXiv (deterministic assessment fixture),https://arxiv.org/,Frontier Study 0894: Generative Modeling,"['Researcher 22', 'Researcher 48']",https://arxiv.org/abs/2601.00894,https://github.com/frontieratlas/paper-0894,8578,2026-03-27T09:16:03.451621Z,2026-09-07T09:16:03.483914Z
1.0,RESEARCH_PAPER,arXiv (deterministic assessment fixture),https://arxiv.org/,Frontier Study 0895: Retrieval,"['Researcher 23', 'Researcher 49']",https://arxiv.org/abs/2601.00895,https://github.com/frontieratlas/paper-0895,8615,2026-03-26T09:16:03.451621Z,2026-09-07T09:16:03.483920Z
1.0,RESEARCH_PAPER,arXiv (deterministic assessment fixture),https://arxiv.org/,Frontier Study 0896: Agents,"['Researcher 24', 'Researcher 50']",https://arxiv.org/abs/2601.00896,https://github.com/frontieratlas/paper-0896,8652,2026-03-25T09:16:03.451621Z,2026-09-07T09:16:03.483925Z
1.0,RESEARCH_PAPER,arXiv (deterministic assessment fixture),https://arxiv.org/,Frontier Study 0897: Language Models,"['Researcher 25', 'Researcher 51']",https://arxiv.org/abs/2601.00897,https://github.com/frontieratlas/paper-0897,8689,2026-03-24T09:16:03.451621Z,2026-09-07T09:16:03.483931Z
1.0,RESEARCH_PAPER,arXiv (deterministic assessment fixture),https://arxiv.org/,Frontier Study 0898: Multimodal Learning,"['Researcher 26', 'Researcher 52']",https://arxiv.org/abs/2601.00898,https://github.com/frontieratlas/paper-0898,8726,2026-03-23T09:16:03.451621Z,2026-09-07T09:16:03.483936Z
1.0,RESEARCH_PAPER,arXiv (deterministic assessment fixture),https://arxiv.org/,Frontier Study 0899: Robotics,"['Researcher 27', 'Researcher 53']",https://arxiv.org/abs/2601.00899,https://github.com/frontieratlas/paper-0899,8763,2026-03-22T09:16:03.451621Z,2026-09-07T09:16:03.483942Z
1.0,RESEARCH_PAPER,arXiv (deterministic assessment fixture),https://arxiv.org/,Frontier Study 0900: Alignment,"['Researcher 28', 'Researcher 54']",https://arxiv.org/abs/2601.00900,https://github.com/frontieratlas/paper-0900,8800,2026-03-21T09:16:03.451621Z,2026-09-07T09:16:03.483948Z
1.0,RESEARCH_PAPER,arXiv (deterministic assessment fixture),https://arxiv.org/,Frontier Study 0901: Computer Vision,"['Researcher 29', 'Researcher 2']",https://arxiv.org/abs/2601.00901,https://github.com/frontieratlas/paper-0901,8837,2026-03-20T09:16:03.451621Z,2026-09-07T09:16:03.486428Z
1.0,RESEARCH_PAPER,arXiv (deterministic assessment fixture),https://arxiv.org/,Frontier Study 0902: Generative Modeling,"['Researcher 30', 'Researcher 3']",https://arxiv.org/abs/2601.00902,https://github.com/frontieratlas/paper-0902,8874,2026-03-19T09:16:03.451621Z,2026-09-07T09:16:03.486438Z
1.0,RESEARCH_PAPER,arXiv (deterministic assessment fixture),https://arxiv.org/,Frontier Study 0903: Retrieval,"['Researcher 31', 'Researcher 4']",https://arxiv.org/abs/2601.00903,https://github.com/frontieratlas/paper-0903,8911,2026-03-18T09:16:03.451621Z,2026-09-07T09:16:03.486445Z
1.0,RESEARCH_PAPER,arXiv (deterministic assessment fixture),https://arxiv.org/,Frontier Study 0904: Agents,"['Researcher 32', 'Researcher 5']",https://arxiv.org/abs/2601.00904,https://github.com/frontieratlas/paper-0904,8948,2026-03-17T09:16:03.451621Z,2026-09-07T09:16:03.486452Z
1.0,RESEARCH_PAPER,arXiv (deterministic assessment fixture),https://arxiv.org/,Frontier Study 0905: Language Models,"['Researcher 33', 'Researcher 6']",https://arxiv.org/abs/2601.00905,https://github.com/frontieratlas/paper-0905,8985,2026-03-16T09:16:03.451621Z,2026-09-07T09:16:03.486460Z
1.0,RESEARCH_PAPER,arXiv (deterministic assessment fixture),https://arxiv.org/,Frontier Study 0906: Multimodal Learning,"['Researcher 34', 'Researcher 7']",https://arxiv.org/abs/2601.00906,https://github.com/frontieratlas/paper-0906,9022,2026-03-15T09:16:03.451621Z,2026-09-07T09:16:03.486465Z
1.0,RESEARCH_PAPER,arXiv (deterministic assessment fixture),https://arxiv.org/,Frontier Study 0907: Robotics,"['Researcher 35', 'Researcher 8']",https://arxiv.org/abs/2601.00907,https://github.com/frontieratlas/paper-0907,9059,2026-03-14T09:16:03.451621Z,2026-09-07T09:16:03.486473Z
1.0,RESEARCH_PAPER,arXiv (deterministic assessment fixture),https://arxiv.org/,Frontier Study 0908: Alignment,"['Researcher 36', 'Researcher 9']",https://arxiv.org/abs/2601.00908,https://github.com/frontieratlas/paper-0908,9096,2026-03-13T09:16:03.451621Z,2026-09-07T09:16:03.486479Z
1.0,RESEARCH_PAPER,arXiv (deterministic assessment fixture),https://arxiv.org/,Frontier Study 0909: Computer Vision,"['Researcher 37', 'Researcher 10']",https://arxiv.org/abs/2601.00909,https://github.com/frontieratlas/paper-0909,9133,2026-03-12T09:16:03.451621Z,2026-09-07T09:16:03.486485Z
1.0,RESEARCH_PAPER,arXiv (deterministic assessment fixture),https://arxiv.org/,Frontier Study 0910: Generative Modeling,"['Researcher 38', 'Researcher 11']",https://arxiv.org/abs/2601.00910,https://github.com/frontieratlas/paper-0910,9170,2026-03-11T09:16:03.451621Z,2026-09-07T09:16:03.486490Z
1.0,RESEARCH_PAPER,arXiv (deterministic assessment fixture),https://arxiv.org/,Frontier Study 0911: Retrieval,"['Researcher 39', 'Researcher 12']",https://arxiv.org/abs/2601.00911,https://github.com/frontieratlas/paper-0911,9207,2026-03-10T09:16:03.451621Z,2026-09-07T09:16:03.486496Z
1.0,RESEARCH_PAPER,arXiv (deterministic assessment fixture),https://arxiv.org/,Frontier Study 0912: Agents,"['Researcher 40', 'Researcher 13']",https://arxiv.org/abs/2601.00912,https://github.com/frontieratlas/paper-0912,9244,2026-03-09T09:16:03.451621Z,2026-09-07T09:16:03.486504Z
1.0,RESEARCH_PAPER,arXiv (deterministic assessment fixture),https://arxiv.org/,Frontier Study 0913: Language Models,"['Researcher 41', 'Researcher 14']",https://arxiv.org/abs/2601.00913,https://github.com/frontieratlas/paper-0913,9281,2026-03-08T09:16:03.451621Z,2026-09-07T09:16:03.486510Z
1.0,RESEARCH_PAPER,arXiv (deterministic assessment fixture),https://arxiv.org/,Frontier Study 0914: Multimodal Learning,"['Researcher 42', 'Researcher 15']",https://arxiv.org/abs/2601.00914,https://github.com/frontieratlas/paper-0914,9318,2026-03-07T09:16:03.451621Z,2026-09-07T09:16:03.486516Z
1.0,RESEARCH_PAPER,arXiv (deterministic assessment fixture),https://arxiv.org/,Frontier Study 0915: Robotics,"['Researcher 43', 'Researcher 16']",https://arxiv.org/abs/2601.00915,https://github.com/frontieratlas/paper-0915,9355,2026-03-06T09:16:03.451621Z,2026-09-07T09:16:03.486521Z
1.0,RESEARCH_PAPER,arXiv (deterministic assessment fixture),https://arxiv.org/,Frontier Study 0916: Alignment,"['Researcher 44', 'Researcher 17']",https://arxiv.org/abs/2601.00916,https://github.com/frontieratlas/paper-0916,9392,2026-03-05T09:16:03.451621Z,2026-09-07T09:16:03.486529Z
1.0,RESEARCH_PAPER,arXiv (deterministic assessment fixture),https://arxiv.org/,Frontier Study 0917: Computer Vision,"['Researcher 45', 'Researcher 18']",https://arxiv.org/abs/2601.00917,https://github.com/frontieratlas/paper-0917,9429,2026-03-04T09:16:03.451621Z,2026-09-07T09:16:03.486535Z
1.0,RESEARCH_PAPER,arXiv (deterministic assessment fixture),https://arxiv.org/,Frontier Study 0918: Generative Modeling,"['Researcher 46', 'Researcher 19']",https://arxiv.org/abs/2601.00918,https://github.com/frontieratlas/paper-0918,9466,2026-03-03T09:16:03.451621Z,2026-09-07T09:16:03.486540Z
1.0,RESEARCH_PAPER,arXiv (deterministic assessment fixture),https://arxiv.org/,Frontier Study 0919: Retrieval,"['Researcher 47', 'Researcher 20']",https://arxiv.org/abs/2601.00919,https://github.com/frontieratlas/paper-0919,9503,2026-03-02T09:16:03.451621Z,2026-09-07T09:16:03.486549Z
1.0,RESEARCH_PAPER,arXiv (deterministic assessment fixture),https://arxiv.org/,Frontier Study 0920: Agents,"['Researcher 48', 'Researcher 21']",https://arxiv.org/abs/2601.00920,https://github.com/frontieratlas/paper-0920,9540,2026-03-01T09:16:03.451621Z,2026-09-07T09:16:03.486554Z
1.0,RESEARCH_PAPER,arXiv (deterministic assessment fixture),https://arxiv.org/,Frontier Study 0921: Language Models,"['Researcher 49', 'Researcher 22']",https://arxiv.org/abs/2601.00921,https://github.com/frontieratlas/paper-0921,9577,2026-02-28T09:16:03.451621Z,2026-09-07T09:16:03.486560Z
1.0,RESEARCH_PAPER,arXiv (deterministic assessment fixture),https://arxiv.org/,Frontier Study 0922: Multimodal Learning,"['Researcher 50', 'Researcher 23']",https://arxiv.org/abs/2601.00922,https://github.com/frontieratlas/paper-0922,9614,2026-02-27T09:16:03.451621Z,2026-09-07T09:16:03.486567Z
1.0,RESEARCH_PAPER,arXiv (deterministic assessment fixture),https://arxiv.org/,Frontier Study 0923: Robotics,"['Researcher 51', 'Researcher 24']",https://arxiv.org/abs/2601.00923,https://github.com/frontieratlas/paper-0923,9651,2026-02-26T09:16:03.451621Z,2026-09-07T09:16:03.486574Z
1.0,RESEARCH_PAPER,arXiv (deterministic assessment fixture),https://arxiv.org/,Frontier Study 0924: Alignment,"['Researcher 52', 'Researcher 25']",https://arxiv.org/abs/2601.00924,https://github.com/frontieratlas/paper-0924,9688,2026-02-25T09:16:03.451621Z,2026-09-07T09:16:03.486580Z
1.0,RESEARCH_PAPER,arXiv (deterministic assessment fixture),https://arxiv.org/,Frontier Study 0925: Computer Vision,"['Researcher 53', 'Researcher 26']",https://arxiv.org/abs/2601.00925,https://github.com/frontieratlas/paper-0925,9725,2026-02-24T09:16:03.451621Z,2026-09-07T09:16:03.486586Z
1.0,RESEARCH_PAPER,arXiv (deterministic assessment fixture),https://arxiv.org/,Frontier Study 0926: Generative Modeling,"['Researcher 54', 'Researcher 27']",https://arxiv.org/abs/2601.00926,https://github.com/frontieratlas/paper-0926,9762,2026-02-23T09:16:03.451621Z,2026-09-07T09:16:03.486592Z
1.0,RESEARCH_PAPER,arXiv (deterministic assessment fixture),https://arxiv.org/,Frontier Study 0927: Retrieval,"['Researcher 55', 'Researcher 28']",https://arxiv.org/abs/2601.00927,https://github.com/frontieratlas/paper-0927,9799,2026-02-22T09:16:03.451621Z,2026-09-07T09:16:03.486599Z
1.0,RESEARCH_PAPER,arXiv (deterministic assessment fixture),https://arxiv.org/,Frontier Study 0928: Agents,"['Researcher 56', 'Researcher 29']",https://arxiv.org/abs/2601.00928,https://github.com/frontieratlas/paper-0928,9836,2026-02-21T09:16:03.451621Z,2026-09-07T09:16:03.486605Z
1.0,RESEARCH_PAPER,arXiv (deterministic assessment fixture),https://arxiv.org/,Frontier Study 0929: Language Models,"['Researcher 57', 'Researcher 30']",https://arxiv.org/abs/2601.00929,https://github.com/frontieratlas/paper-0929,9873,2026-02-20T09:16:03.451621Z,2026-09-07T09:16:03.486610Z
1.0,RESEARCH_PAPER,arXiv (deterministic assessment fixture),https://arxiv.org/,Frontier Study 0930: Multimodal Learning,"['Researcher 58', 'Researcher 31']",https://arxiv.org/abs/2601.00930,https://github.com/frontieratlas/paper-0930,9910,2026-02-19T09:16:03.451621Z,2026-09-07T09:16:03.486616Z
1.0,RESEARCH_PAPER,arXiv (deterministic assessment fixture),https://arxiv.org/,Frontier Study 0931: Robotics,"['Researcher 59', 'Researcher 32']",https://arxiv.org/abs/2601.00931,https://github.com/frontieratlas/paper-0931,9947,2026-02-18T09:16:03.451621Z,2026-09-07T09:16:03.486621Z
1.0,RESEARCH_PAPER,arXiv (deterministic assessment fixture),https://arxiv.org/,Frontier Study 0932: Alignment,"['Researcher 60', 'Researcher 33']",https://arxiv.org/abs/2601.00932,https://github.com/frontieratlas/paper-0932,9984,2026-02-17T09:16:03.451621Z,2026-09-07T09:16:03.486629Z
1.0,RESEARCH_PAPER,arXiv (deterministic assessment fixture),https://arxiv.org/,Frontier Study 0933: Computer Vision,"['Researcher 61', 'Researcher 34']",https://arxiv.org/abs/2601.00933,https://github.com/frontieratlas/paper-0933,10021,2026-02-16T09:16:03.451621Z,2026-09-07T09:16:03.486635Z
1.0,RESEARCH_PAPER,arXiv (deterministic assessment fixture),https://arxiv.org/,Frontier Study 0934: Generative Modeling,"['Researcher 62', 'Researcher 35']",https://arxiv.org/abs/2601.00934,https://github.com/frontieratlas/paper-0934,10058,2026-02-15T09:16:03.451621Z,2026-09-07T09:16:03.486640Z
1.0,RESEARCH_PAPER,arXiv (deterministic assessment fixture),https://arxiv.org/,Frontier Study 0935: Retrieval,"['Researcher 63', 'Researcher 36']",https://arxiv.org/abs/2601.00935,https://github.com/frontieratlas/paper-0935,10095,2026-02-14T09:16:03.451621Z,2026-09-07T09:16:03.486647Z
1.0,RESEARCH_PAPER,arXiv (deterministic assessment fixture),https://arxiv.org/,Frontier Study 0936: Agents,"['Researcher 64', 'Researcher 37']",https://arxiv.org/abs/2601.00936,https://github.com/frontieratlas/paper-0936,10132,2026-02-13T09:16:03.451621Z,2026-09-07T09:16:03.486653Z
1.0,RESEARCH_PAPER,arXiv (deterministic assessment fixture),https://arxiv.org/,Frontier Study 0937: Language Models,"['Researcher 65', 'Researcher 38']",https://arxiv.org/abs/2601.00937,https://github.com/frontieratlas/paper-0937,10169,2026-02-12T09:16:03.451621Z,2026-09-07T09:16:03.486659Z
1.0,RESEARCH_PAPER,arXiv (deterministic assessment fixture),https://arxiv.org/,Frontier Study 0938: Multimodal Learning,"['Researcher 66', 'Researcher 39']",https://arxiv.org/abs/2601.00938,https://github.com/frontieratlas/paper-0938,10206,2026-02-11T09:16:03.451621Z,2026-09-07T09:16:03.486664Z
1.0,RESEARCH_PAPER,arXiv (deterministic assessment fixture),https://arxiv.org/,Frontier Study 0939: Robotics,"['Researcher 67', 'Researcher 40']",https://arxiv.org/abs/2601.00939,https://github.com/frontieratlas/paper-0939,10243,2026-02-10T09:16:03.451621Z,2026-09-07T09:16:03.486670Z
1.0,RESEARCH_PAPER,arXiv (deterministic assessment fixture),https://arxiv.org/,Frontier Study 0940: Alignment,"['Researcher 68', 'Researcher 41']",https://arxiv.org/abs/2601.00940,https://github.com/frontieratlas/paper-0940,10280,2026-02-09T09:16:03.451621Z,2026-09-07T09:16:03.486675Z
1.0,RESEARCH_PAPER,arXiv (deterministic assessment fixture),https://arxiv.org/,Frontier Study 0941: Computer Vision,"['Researcher 69', 'Researcher 42']",https://arxiv.org/abs/2601.00941,https://github.com/frontieratlas/paper-0941,10317,2026-02-08T09:16:03.451621Z,2026-09-07T09:16:03.486705Z
1.0,RESEARCH_PAPER,arXiv (deterministic assessment fixture),https://arxiv.org/,Frontier Study 0942: Generative Modeling,"['Researcher 70', 'Researcher 43']",https://arxiv.org/abs/2601.00942,https://github.com/frontieratlas/paper-0942,10354,2026-02-07T09:16:03.451621Z,2026-09-07T09:16:03.486715Z
1.0,RESEARCH_PAPER,arXiv (deterministic assessment fixture),https://arxiv.org/,Frontier Study 0943: Retrieval,"['Researcher 71', 'Researcher 44']",https://arxiv.org/abs/2601.00943,https://github.com/frontieratlas/paper-0943,10391,2026-02-06T09:16:03.451621Z,2026-09-07T09:16:03.486724Z
1.0,RESEARCH_PAPER,arXiv (deterministic assessment fixture),https://arxiv.org/,Frontier Study 0944: Agents,"['Researcher 72', 'Researcher 45']",https://arxiv.org/abs/2601.00944,https://github.com/frontieratlas/paper-0944,10428,2026-02-05T09:16:03.451621Z,2026-09-07T09:16:03.486731Z
1.0,RESEARCH_PAPER,arXiv (deterministic assessment fixture),https://arxiv.org/,Frontier Study 0945: Language Models,"['Researcher 73', 'Researcher 46']",https://arxiv.org/abs/2601.00945,https://github.com/frontieratlas/paper-0945,10465,2026-02-04T09:16:03.451621Z,2026-09-07T09:16:03.486737Z
1.0,RESEARCH_PAPER,arXiv (deterministic assessment fixture),https://arxiv.org/,Frontier Study 0946: Multimodal Learning,"['Researcher 74', 'Researcher 47']",https://arxiv.org/abs/2601.00946,https://github.com/frontieratlas/paper-0946,10502,2026-02-03T09:16:03.451621Z,2026-09-07T09:16:03.486742Z
1.0,RESEARCH_PAPER,arXiv (deterministic assessment fixture),https://arxiv.org/,Frontier Study 0947: Robotics,"['Researcher 75', 'Researcher 48']",https://arxiv.org/abs/2601.00947,https://github.com/frontieratlas/paper-0947,10539,2026-02-02T09:16:03.451621Z,2026-09-07T09:16:03.486748Z
1.0,RESEARCH_PAPER,arXiv (deterministic assessment fixture),https://arxiv.org/,Frontier Study 0948: Alignment,"['Researcher 76', 'Researcher 49']",https://arxiv.org/abs/2601.00948,https://github.com/frontieratlas/paper-0948,10576,2026-02-01T09:16:03.451621Z,2026-09-07T09:16:03.486756Z
1.0,RESEARCH_PAPER,arXiv (deterministic assessment fixture),https://arxiv.org/,Frontier Study 0949: Computer Vision,"['Researcher 77', 'Researcher 50']",https://arxiv.org/abs/2601.00949,https://github.com/frontieratlas/paper-0949,10613,2026-01-31T09:16:03.451621Z,2026-09-07T09:16:03.486763Z
1.0,RESEARCH_PAPER,arXiv (deterministic assessment fixture),https://arxiv.org/,Frontier Study 0950: Generative Modeling,"['Researcher 78', 'Researcher 51']",https://arxiv.org/abs/2601.00950,https://github.com/frontieratlas/paper-0950,10650,2026-01-30T09:16:03.451621Z,2026-09-07T09:16:03.486770Z
1.0,RESEARCH_PAPER,arXiv (deterministic assessment fixture),https://arxiv.org/,Frontier Study 0951: Retrieval,"['Researcher 79', 'Researcher 52']",https://arxiv.org/abs/2601.00951,https://github.com/frontieratlas/paper-0951,10687,2026-01-29T09:16:03.451621Z,2026-09-07T09:16:03.486776Z
1.0,RESEARCH_PAPER,arXiv (deterministic assessment fixture),https://arxiv.org/,Frontier Study 0952: Agents,"['Researcher 80', 'Researcher 53']",https://arxiv.org/abs/2601.00952,https://github.com/frontieratlas/paper-0952,10724,2026-01-28T09:16:03.451621Z,2026-09-07T09:16:03.486783Z
1.0,RESEARCH_PAPER,arXiv (deterministic assessment fixture),https://arxiv.org/,Frontier Study 0953: Language Models,"['Researcher 81', 'Researcher 54']",https://arxiv.org/abs/2601.00953,https://github.com/frontieratlas/paper-0953,10761,2026-01-27T09:16:03.451621Z,2026-09-07T09:16:03.486788Z
1.0,RESEARCH_PAPER,arXiv (deterministic assessment fixture),https://arxiv.org/,Frontier Study 0954: Multimodal Learning,"['Researcher 82', 'Researcher 2']",https://arxiv.org/abs/2601.00954,https://github.com/frontieratlas/paper-0954,10798,2026-01-26T09:16:03.451621Z,2026-09-07T09:16:03.486795Z
1.0,RESEARCH_PAPER,arXiv (deterministic assessment fixture),https://arxiv.org/,Frontier Study 0955: Robotics,"['Researcher 83', 'Researcher 3']",https://arxiv.org/abs/2601.00955,https://github.com/frontieratlas/paper-0955,10835,2026-01-25T09:16:03.451621Z,2026-09-07T09:16:03.486801Z
1.0,RESEARCH_PAPER,arXiv (deterministic assessment fixture),https://arxiv.org/,Frontier Study 0956: Alignment,"['Researcher 84', 'Researcher 4']",https://arxiv.org/abs/2601.00956,https://github.com/frontieratlas/paper-0956,10872,2026-01-24T09:16:03.451621Z,2026-09-07T09:16:03.486807Z
1.0,RESEARCH_PAPER,arXiv (deterministic assessment fixture),https://arxiv.org/,Frontier Study 0957: Computer Vision,"['Researcher 85', 'Researcher 5']",https://arxiv.org/abs/2601.00957,https://github.com/frontieratlas/paper-0957,10909,2026-01-23T09:16:03.451621Z,2026-09-07T09:16:03.486812Z
1.0,RESEARCH_PAPER,arXiv (deterministic assessment fixture),https://arxiv.org/,Frontier Study 0958: Generative Modeling,"['Researcher 86', 'Researcher 6']",https://arxiv.org/abs/2601.00958,https://github.com/frontieratlas/paper-0958,10946,2026-01-22T09:16:03.451621Z,2026-09-07T09:16:03.486819Z
1.0,RESEARCH_PAPER,arXiv (deterministic assessment fixture),https://arxiv.org/,Frontier Study 0959: Retrieval,"['Researcher 87', 'Researcher 7']",https://arxiv.org/abs/2601.00959,https://github.com/frontieratlas/paper-0959,10983,2026-01-21T09:16:03.451621Z,2026-09-07T09:16:03.486826Z
1.0,RESEARCH_PAPER,arXiv (deterministic assessment fixture),https://arxiv.org/,Frontier Study 0960: Agents,"['Researcher 88', 'Researcher 8']",https://arxiv.org/abs/2601.00960,https://github.com/frontieratlas/paper-0960,11020,2026-01-20T09:16:03.451621Z,2026-09-07T09:16:03.486831Z
1.0,RESEARCH_PAPER,arXiv (deterministic assessment fixture),https://arxiv.org/,Frontier Study 0961: Language Models,"['Researcher 89', 'Researcher 9']",https://arxiv.org/abs/2601.00961,https://github.com/frontieratlas/paper-0961,11057,2026-01-19T09:16:03.451621Z,2026-09-07T09:16:03.486837Z
1.0,RESEARCH_PAPER,arXiv (deterministic assessment fixture),https://arxiv.org/,Frontier Study 0962: Multimodal Learning,"['Researcher 90', 'Researcher 10']",https://arxiv.org/abs/2601.00962,https://github.com/frontieratlas/paper-0962,11094,2026-01-18T09:16:03.451621Z,2026-09-07T09:16:03.486845Z
1.0,RESEARCH_PAPER,arXiv (deterministic assessment fixture),https://arxiv.org/,Frontier Study 0963: Robotics,"['Researcher 91', 'Researcher 11']",https://arxiv.org/abs/2601.00963,https://github.com/frontieratlas/paper-0963,11131,2026-01-17T09:16:03.451621Z,2026-09-07T09:16:03.486851Z
1.0,RESEARCH_PAPER,arXiv (deterministic assessment fixture),https://arxiv.org/,Frontier Study 0964: Alignment,"['Researcher 92', 'Researcher 12']",https://arxiv.org/abs/2601.00964,https://github.com/frontieratlas/paper-0964,11168,2026-01-16T09:16:03.451621Z,2026-09-07T09:16:03.486858Z
1.0,RESEARCH_PAPER,arXiv (deterministic assessment fixture),https://arxiv.org/,Frontier Study 0965: Computer Vision,"['Researcher 93', 'Researcher 13']",https://arxiv.org/abs/2601.00965,https://github.com/frontieratlas/paper-0965,11205,2026-01-15T09:16:03.451621Z,2026-09-07T09:16:03.486863Z
1.0,RESEARCH_PAPER,arXiv (deterministic assessment fixture),https://arxiv.org/,Frontier Study 0966: Generative Modeling,"['Researcher 94', 'Researcher 14']",https://arxiv.org/abs/2601.00966,https://github.com/frontieratlas/paper-0966,11242,2026-01-14T09:16:03.451621Z,2026-09-07T09:16:03.486870Z
1.0,RESEARCH_PAPER,arXiv (deterministic assessment fixture),https://arxiv.org/,Frontier Study 0967: Retrieval,"['Researcher 95', 'Researcher 15']",https://arxiv.org/abs/2601.00967,https://github.com/frontieratlas/paper-0967,11279,2026-01-13T09:16:03.451621Z,2026-09-07T09:16:03.486876Z
1.0,RESEARCH_PAPER,arXiv (deterministic assessment fixture),https://arxiv.org/,Frontier Study 0968: Agents,"['Researcher 96', 'Researcher 16']",https://arxiv.org/abs/2601.00968,https://github.com/frontieratlas/paper-0968,11316,2026-01-12T09:16:03.451621Z,2026-09-07T09:16:03.486881Z
1.0,RESEARCH_PAPER,arXiv (deterministic assessment fixture),https://arxiv.org/,Frontier Study 0969: Language Models,"['Researcher 97', 'Researcher 17']",https://arxiv.org/abs/2601.00969,https://github.com/frontieratlas/paper-0969,11353,2026-01-11T09:16:03.451621Z,2026-09-07T09:16:03.486887Z
1.0,RESEARCH_PAPER,arXiv (deterministic assessment fixture),https://arxiv.org/,Frontier Study 0970: Multimodal Learning,"['Researcher 1', 'Researcher 18']",https://arxiv.org/abs/2601.00970,https://github.com/frontieratlas/paper-0970,11390,2026-01-10T09:16:03.451621Z,2026-09-07T09:16:03.486893Z
1.0,RESEARCH_PAPER,arXiv (deterministic assessment fixture),https://arxiv.org/,Frontier Study 0971: Robotics,"['Researcher 2', 'Researcher 19']",https://arxiv.org/abs/2601.00971,https://github.com/frontieratlas/paper-0971,11427,2026-01-09T09:16:03.451621Z,2026-09-07T09:16:03.486899Z
1.0,RESEARCH_PAPER,arXiv (deterministic assessment fixture),https://arxiv.org/,Frontier Study 0972: Alignment,"['Researcher 3', 'Researcher 20']",https://arxiv.org/abs/2601.00972,https://github.com/frontieratlas/paper-0972,11464,2026-01-08T09:16:03.451621Z,2026-09-07T09:16:03.486908Z
1.0,RESEARCH_PAPER,arXiv (deterministic assessment fixture),https://arxiv.org/,Frontier Study 0973: Computer Vision,"['Researcher 4', 'Researcher 21']",https://arxiv.org/abs/2601.00973,https://github.com/frontieratlas/paper-0973,11501,2026-01-07T09:16:03.451621Z,2026-09-07T09:16:03.486913Z
1.0,RESEARCH_PAPER,arXiv (deterministic assessment fixture),https://arxiv.org/,Frontier Study 0974: Generative Modeling,"['Researcher 5', 'Researcher 22']",https://arxiv.org/abs/2601.00974,https://github.com/frontieratlas/paper-0974,11538,2026-01-06T09:16:03.451621Z,2026-09-07T09:16:03.486921Z
1.0,RESEARCH_PAPER,arXiv (deterministic assessment fixture),https://arxiv.org/,Frontier Study 0975: Retrieval,"['Researcher 6', 'Researcher 23']",https://arxiv.org/abs/2601.00975,https://github.com/frontieratlas/paper-0975,11575,2026-01-05T09:16:03.451621Z,2026-09-07T09:16:03.486927Z
1.0,RESEARCH_PAPER,arXiv (deterministic assessment fixture),https://arxiv.org/,Frontier Study 0976: Agents,"['Researcher 7', 'Researcher 24']",https://arxiv.org/abs/2601.00976,https://github.com/frontieratlas/paper-0976,11612,2026-01-04T09:16:03.451621Z,2026-09-07T09:16:03.486932Z
1.0,RESEARCH_PAPER,arXiv (deterministic assessment fixture),https://arxiv.org/,Frontier Study 0977: Language Models,"['Researcher 8', 'Researcher 25']",https://arxiv.org/abs/2601.00977,https://github.com/frontieratlas/paper-0977,11649,2026-01-03T09:16:03.451621Z,2026-09-07T09:16:03.486939Z
1.0,RESEARCH_PAPER,arXiv (deterministic assessment fixture),https://arxiv.org/,Frontier Study 0978: Multimodal Learning,"['Researcher 9', 'Researcher 26']",https://arxiv.org/abs/2601.00978,https://github.com/frontieratlas/paper-0978,11686,2026-01-02T09:16:03.451621Z,2026-09-07T09:16:03.486945Z
1.0,RESEARCH_PAPER,arXiv (deterministic assessment fixture),https://arxiv.org/,Frontier Study 0979: Robotics,"['Researcher 10', 'Researcher 27']",https://arxiv.org/abs/2601.00979,https://github.com/frontieratlas/paper-0979,11723,2026-01-01T09:16:03.451621Z,2026-09-07T09:16:03.486950Z
1.0,RESEARCH_PAPER,arXiv (deterministic assessment fixture),https://arxiv.org/,Frontier Study 0980: Alignment,"['Researcher 11', 'Researcher 28']",https://arxiv.org/abs/2601.00980,https://github.com/frontieratlas/paper-0980,11760,2025-12-31T09:16:03.451621Z,2026-09-07T09:16:03.486958Z
1.0,RESEARCH_PAPER,arXiv (deterministic assessment fixture),https://arxiv.org/,Frontier Study 0981: Computer Vision,"['Researcher 12', 'Researcher 29']",https://arxiv.org/abs/2601.00981,https://github.com/frontieratlas/paper-0981,11797,2025-12-30T09:16:03.451621Z,2026-09-07T09:16:03.486966Z
1.0,RESEARCH_PAPER,arXiv (deterministic assessment fixture),https://arxiv.org/,Frontier Study 0982: Generative Modeling,"['Researcher 13', 'Researcher 30']",https://arxiv.org/abs/2601.00982,https://github.com/frontieratlas/paper-0982,11834,2025-12-29T09:16:03.451621Z,2026-09-07T09:16:03.486973Z
1.0,RESEARCH_PAPER,arXiv (deterministic assessment fixture),https://arxiv.org/,Frontier Study 0983: Retrieval,"['Researcher 14', 'Researcher 31']",https://arxiv.org/abs/2601.00983,https://github.com/frontieratlas/paper-0983,11871,2025-12-28T09:16:03.451621Z,2026-09-07T09:16:03.486979Z
1.0,RESEARCH_PAPER,arXiv (deterministic assessment fixture),https://arxiv.org/,Frontier Study 0984: Agents,"['Researcher 15', 'Researcher 32']",https://arxiv.org/abs/2601.00984,https://github.com/frontieratlas/paper-0984,11908,2025-12-27T09:16:03.451621Z,2026-09-07T09:16:03.486984Z
1.0,RESEARCH_PAPER,arXiv (deterministic assessment fixture),https://arxiv.org/,Frontier Study 0985: Language Models,"['Researcher 16', 'Researcher 33']",https://arxiv.org/abs/2601.00985,https://github.com/frontieratlas/paper-0985,11945,2025-12-26T09:16:03.451621Z,2026-09-07T09:16:03.486990Z
1.0,RESEARCH_PAPER,arXiv (deterministic assessment fixture),https://arxiv.org/,Frontier Study 0986: Multimodal Learning,"['Researcher 17', 'Researcher 34']",https://arxiv.org/abs/2601.00986,https://github.com/frontieratlas/paper-0986,11982,2025-12-25T09:16:03.451621Z,2026-09-07T09:16:03.486996Z
1.0,RESEARCH_PAPER,arXiv (deterministic assessment fixture),https://arxiv.org/,Frontier Study 0987: Robotics,"['Researcher 18', 'Researcher 35']",https://arxiv.org/abs/2601.00987,https://github.com/frontieratlas/paper-0987,12019,2025-12-24T09:16:03.451621Z,2026-09-07T09:16:03.487002Z
1.0,RESEARCH_PAPER,arXiv (deterministic assessment fixture),https://arxiv.org/,Frontier Study 0988: Alignment,"['Researcher 19', 'Researcher 36']",https://arxiv.org/abs/2601.00988,https://github.com/frontieratlas/paper-0988,12056,2025-12-23T09:16:03.451621Z,2026-09-07T09:16:03.487009Z
1.0,RESEARCH_PAPER,arXiv (deterministic assessment fixture),https://arxiv.org/,Frontier Study 0989: Computer Vision,"['Researcher 20', 'Researcher 37']",https://arxiv.org/abs/2601.00989,https://github.com/frontieratlas/paper-0989,12093,2025-12-22T09:16:03.451621Z,2026-09-07T09:16:03.487017Z
1.0,RESEARCH_PAPER,arXiv (deterministic assessment fixture),https://arxiv.org/,Frontier Study 0990: Generative Modeling,"['Researcher 21', 'Researcher 38']",https://arxiv.org/abs/2601.00990,https://github.com/frontieratlas/paper-0990,12130,2025-12-21T09:16:03.451621Z,2026-09-07T09:16:03.487022Z
1.0,RESEARCH_PAPER,arXiv (deterministic assessment fixture),https://arxiv.org/,Frontier Study 0991: Retrieval,"['Researcher 22', 'Researcher 39']",https://arxiv.org/abs/2601.00991,https://github.com/frontieratlas/paper-0991,12167,2025-12-20T09:16:03.451621Z,2026-09-07T09:16:03.487028Z
1.0,RESEARCH_PAPER,arXiv (deterministic assessment fixture),https://arxiv.org/,Frontier Study 0992: Agents,"['Researcher 23', 'Researcher 40']",https://arxiv.org/abs/2601.00992,https://github.com/frontieratlas/paper-0992,12204,2025-12-19T09:16:03.451621Z,2026-09-07T09:16:03.487037Z
1.0,RESEARCH_PAPER,arXiv (deterministic assessment fixture),https://arxiv.org/,Frontier Study 0993: Language Models,"['Researcher 24', 'Researcher 41']",https://arxiv.org/abs/2601.00993,https://github.com/frontieratlas/paper-0993,12241,2025-12-18T09:16:03.451621Z,2026-09-07T09:16:03.487042Z
1.0,RESEARCH_PAPER,arXiv (deterministic assessment fixture),https://arxiv.org/,Frontier Study 0994: Multimodal Learning,"['Researcher 25', 'Researcher 42']",https://arxiv.org/abs/2601.00994,https://github.com/frontieratlas/paper-0994,12278,2025-12-17T09:16:03.451621Z,2026-09-07T09:16:03.487048Z
1.0,RESEARCH_PAPER,arXiv (deterministic assessment fixture),https://arxiv.org/,Frontier Study 0995: Robotics,"['Researcher 26', 'Researcher 43']",https://arxiv.org/abs/2601.00995,https://github.com/frontieratlas/paper-0995,12315,2025-12-16T09:16:03.451621Z,2026-09-07T09:16:03.487056Z
1.0,RESEARCH_PAPER,arXiv (deterministic assessment fixture),https://arxiv.org/,Frontier Study 0996: Alignment,"['Researcher 27', 'Researcher 44']",https://arxiv.org/abs/2601.00996,https://github.com/frontieratlas/paper-0996,12352,2025-12-15T09:16:03.451621Z,2026-09-07T09:16:03.487062Z
1.0,RESEARCH_PAPER,arXiv (deterministic assessment fixture),https://arxiv.org/,Frontier Study 0997: Computer Vision,"['Researcher 28', 'Researcher 45']",https://arxiv.org/abs/2601.00997,https://github.com/frontieratlas/paper-0997,12389,2025-12-14T09:16:03.451621Z,2026-09-07T09:16:03.487069Z
1.0,RESEARCH_PAPER,arXiv (deterministic assessment fixture),https://arxiv.org/,Frontier Study 0998: Generative Modeling,"['Researcher 29', 'Researcher 46']",https://arxiv.org/abs/2601.00998,https://github.com/frontieratlas/paper-0998,12426,2025-12-13T09:16:03.451621Z,2026-09-07T09:16:03.487075Z
1.0,RESEARCH_PAPER,arXiv (deterministic assessment fixture),https://arxiv.org/,Frontier Study 0999: Retrieval,"['Researcher 30', 'Researcher 47']",https://arxiv.org/abs/2601.00999,https://github.com/frontieratlas/paper-0999,12463,2025-12-12T09:16:03.451621Z,2026-09-07T09:16:03.487082Z
1.0,RESEARCH_PAPER,arXiv (deterministic assessment fixture),https://arxiv.org/,Frontier Study 1000: Agents,"['Researcher 31', 'Researcher 48']",https://arxiv.org/abs/2601.01000,https://github.com/frontieratlas/paper-1000,12500,2025-12-11T09:16:03.451621Z,2026-09-07T09:16:03.487087Z
